host,tag,kind,training_seed,condition,env_seed,policy_seed,success,reason,policy_steps,wall_s,evaluation_start_sim_time_s,evaluation_end_sim_time_s,physics_integrated_duration_s,physics_steps_observed,first_contact_sim_time_s,first_contact_policy_step,dwell_observed_s,followup_complete,signed_actuator_work_j,positive_actuator_work_j,absolute_actuator_work_j,peak_absolute_actuator_power_w,all_six_dof_signed_actuator_work_j,all_six_dof_positive_actuator_work_j,all_six_dof_absolute_actuator_work_j,initial_state_sha256,checkpoint_sha256,trace_sha256,scene_id,physics_timestep_s,summary_path,trace_path,trace_sampling,power_peak_definition,work_window,full_physics_torque_velocity_trace_available
H1,record-c2b80e54e66cdda3,rgb,0,none,910008,1010008,True,dwell_complete,421,248.881,0.20000000000000015,21.2519999999991,21.05199999999921,10526,19.242000000000214,381,2.009999999998886,True,257.50411532763894,259.06355792792795,260.6230005282169,80.212610141534,257.50411548778135,259.0635611588461,260.6230068299085,95afa894cae52cecd8d1ea13100da873722875da25bf8053f2d431347c8df560,3f0e8be1f39f5c1e2119b4160bf755ee036f8c5eda2862e86a95e67d543a350d,9108f4fa3cb9c390e5315e49c5b9bfdb7804424b2096cbc0b026c0700734d41d,env910008,0.001999999999999925,withheld-source-d4aabd38de5d8957e0ae,withheld-source-316be1dca1a495c15942,policy-rate nominal 20Hz; use sim_time_s,max_t sum_j abs(tau_j*omega_j); five commanded joints,entire observed episode including followup when successful,False
H1,record-c2b80e54e66cdda3,rgb,0,none,910009,1010009,True,dwell_complete,513,305.492,0.20000000000000015,25.85199999999655,25.65199999999666,12826,23.83399999999767,473,2.0179999999988816,True,243.98796747445397,245.7201553293925,247.45234318433253,73.07232318922458,243.98796780889154,245.72016259024682,247.45235737160561,f892bb2e359ffc92d77e47ae7ac24a53d8a8f90cb67c61cc892032fefb2dc983,3f0e8be1f39f5c1e2119b4160bf755ee036f8c5eda2862e86a95e67d543a350d,db5fc80eebab9862fb22e757da21b29bed774c74d847f240e60ae9d81f193a0a,env910009,0.00199999999999974,withheld-source-d4aabd38de5d8957e0ae,withheld-source-e36c869c48711d57977c,policy-rate nominal 20Hz; use sim_time_s,max_t sum_j abs(tau_j*omega_j); five commanded joints,entire observed episode including followup when successful,False
H1,record-c2b80e54e66cdda3,rgb,0,none,910010,1010010,True,dwell_complete,469,273.817,0.20000000000000015,23.65199999999777,23.45199999999788,11726,21.625999999998893,429,2.025999999998877,True,293.73151347773927,295.63983848387915,297.5481634900213,81.66458810200038,293.73151368970235,295.6398430283026,297.5481723669046,38d9d327c4b4a6d57208c5006f9000a18a5f1baf5c30293d0bb30974b3dd2c25,3f0e8be1f39f5c1e2119b4160bf755ee036f8c5eda2862e86a95e67d543a350d,e7fe3d6b72d964003ed1c8d4234158e35f89cf6d70a2ddfcee4617f09186fa07,env910010,0.001999999999999819,withheld-source-d4aabd38de5d8957e0ae,withheld-source-c20099ea1e0620cdb4a7,policy-rate nominal 20Hz; use sim_time_s,max_t sum_j abs(tau_j*omega_j); five commanded joints,entire observed episode including followup when successful,False
H1,record-c17e6b266a951483,depth,0,none,910008,1010008,True,dwell_complete,420,249.096,0.20000000000000015,21.201999999999128,21.00199999999924,10501,19.15600000000026,380,2.045999999998866,True,255.41528604024717,257.3943518481206,259.3734176559965,80.6315037963607,255.41528631140733,257.3943570786814,259.3734278459555,95afa894cae52cecd8d1ea13100da873722875da25bf8053f2d431347c8df560,4ccf152e2e08a3c91a2022d6e9f6cd71dd5edeb69e9e4ee120f42ffd45f3cf81,502c1752c9a1ed5120aca00f3ffc5b9195cd00d22d7cb898b7d7d84368279aad,env910008,0.0019999999999999276,withheld-source-63db2505e8362a7222bc,withheld-source-030f7ea9c8b8ecc25f94,policy-rate nominal 20Hz; use sim_time_s,max_t sum_j abs(tau_j*omega_j); five commanded joints,entire observed episode including followup when successful,False
H1,record-c17e6b266a951483,depth,0,none,910009,1010009,True,dwell_complete,435,261.012,0.20000000000000015,21.951999999998712,21.751999999998823,10876,19.941999999999826,395,2.009999999998886,True,237.19460484263618,239.6378670319565,242.0811292212757,75.14573528457906,237.19460500015762,239.637870600842,242.08113620152452,f892bb2e359ffc92d77e47ae7ac24a53d8a8f90cb67c61cc892032fefb2dc983,4ccf152e2e08a3c91a2022d6e9f6cd71dd5edeb69e9e4ee120f42ffd45f3cf81,ce6aac020730cdd56f9f07a1ce0102cbeb1d37c31dc94fede1fd998ad4a8a430,env910009,0.0019999999999998916,withheld-source-63db2505e8362a7222bc,withheld-source-76f61f8d6f651e0f5e8e,policy-rate nominal 20Hz; use sim_time_s,max_t sum_j abs(tau_j*omega_j); five commanded joints,entire observed episode including followup when successful,False
H1,record-c17e6b266a951483,depth,0,none,910010,1010010,True,dwell_complete,471,274.655,0.20000000000000015,23.751999999997714,23.551999999997825,11776,21.715999999998843,431,2.0359999999988716,True,267.2041586634358,270.45178738196034,273.6994161004844,52.643279299979,267.2041589761795,270.4517929867847,273.69942699739005,38d9d327c4b4a6d57208c5006f9000a18a5f1baf5c30293d0bb30974b3dd2c25,4ccf152e2e08a3c91a2022d6e9f6cd71dd5edeb69e9e4ee120f42ffd45f3cf81,2f867d3e68b90fd53e6e3b96e2223038dee5447697b3d840c38d53600d942a15,env910010,0.0019999999999998153,withheld-source-63db2505e8362a7222bc,withheld-source-5eb83d82cf7b87a067c9,policy-rate nominal 20Hz; use sim_time_s,max_t sum_j abs(tau_j*omega_j); five commanded joints,entire observed episode including followup when successful,False
H1,record-b437965f8bfae002,rgb,1,none,920008,1020008,True,dwell_complete,302,181.389,0.20000000000000015,15.30200000000178,15.102000000001713,7551,13.300000000001111,262,2.0020000000006686,True,253.84232494071912,255.31483080388654,256.7873366670538,77.29269114117076,253.84232511518817,255.31483469903543,256.78734428287856,2a860fc20f5df74c5ce66dac0660c8e7c8e47818b739f0ad71a950e907c49bb6,bb415d715177cc98c69f65cbcd41425989f2ee06055139e688625932233de5a8,eb8cf23fbd2c2846e47e6298ac138bfe5e58504caf757494726d1a601166bba6,env920008,0.002000000000000227,withheld-source-e0450682496a4cd28b35,withheld-source-bce1842bb17d269c8c15,policy-rate nominal 20Hz; use sim_time_s,max_t sum_j abs(tau_j*omega_j); five commanded joints,entire observed episode including followup when successful,False
H1,record-b437965f8bfae002,rgb,1,none,920009,1020009,True,dwell_complete,598,348.986,0.20000000000000015,30.101999999994195,29.901999999994306,14951,28.093999999995308,558,2.007999999998887,True,275.5866272985192,277.8514144083458,280.1162015181766,72.75266613790939,275.5866283697391,277.8514350111665,280.11624165259497,b0d57c1679a7f87c747f574ca8add17edf3dc3552c7314d2c7a257954acf7ebd,bb415d715177cc98c69f65cbcd41425989f2ee06055139e688625932233de5a8,5b173682e3d0115ba41397b4ef2f710dd94bd23a1bde276c49357b1c984119bd,env920009,0.0019999999999996193,withheld-source-e0450682496a4cd28b35,withheld-source-ff28a74d446910acfffd,policy-rate nominal 20Hz; use sim_time_s,max_t sum_j abs(tau_j*omega_j); five commanded joints,entire observed episode including followup when successful,False
H1,record-b437965f8bfae002,rgb,1,none,920010,1020010,True,dwell_complete,342,199.192,0.20000000000000015,17.30200000000129,17.1020000000014,8551,15.266000000001767,302,2.0359999999995217,True,270.4791188698458,272.2184823731246,273.9578458764015,73.35863186972668,270.47911890922865,272.2184828009621,273.9578466926921,468ac818a304fab88930c3fce97d24957ebdc6e5cb581b72b8a5e3b1001e8891,bb415d715177cc98c69f65cbcd41425989f2ee06055139e688625932233de5a8,e4f517ff892ba66294afe338fd3c1098bfabb05ccdc8af52cb89225597ae05b7,env920010,0.0020000000000001635,withheld-source-e0450682496a4cd28b35,withheld-source-08b3e46c6d651e8c992d,policy-rate nominal 20Hz; use sim_time_s,max_t sum_j abs(tau_j*omega_j); five commanded joints,entire observed episode including followup when successful,False
H1,record-21767d2901799c16,depth,1,none,920008,1020008,True,dwell_complete,1759,1064.485,0.20000000000000015,88.15199999997596,87.95199999997642,43976,86.14599999998063,1719,2.005999999995325,True,261.2841380970073,265.86599142119917,270.44784474539193,78.86543450058554,261.2841395093812,265.8660143539062,270.4478891984329,2a860fc20f5df74c5ce66dac0660c8e7c8e47818b739f0ad71a950e907c49bb6,fb494e5ac89a66eba5f7378fa57979240f73b8c2580f1ee763dc27f9983e820b,c09cd4e945f3863e113b8a8ab10311ccb2c1fa6d212e63e5b41c1ee4a16a2fe2,env920008,0.001999999999999464,withheld-source-6da607a0206796f6c08c,withheld-source-4784a77d2111bfe1b125,policy-rate nominal 20Hz; use sim_time_s,max_t sum_j abs(tau_j*omega_j); five commanded joints,entire observed episode including followup when successful,False
H1,record-21767d2901799c16,depth,1,none,920009,1020009,True,dwell_complete,539,314.614,0.20000000000000015,27.15199999999583,26.95199999999594,13476,25.127999999996952,499,2.0239999999988783,True,265.99713019002735,267.87419514823836,269.75126010645397,67.41648414756862,265.99713064252023,267.8742030358266,269.751275429136,b0d57c1679a7f87c747f574ca8add17edf3dc3552c7314d2c7a257954acf7ebd,fb494e5ac89a66eba5f7378fa57979240f73b8c2580f1ee763dc27f9983e820b,fdd124eef5481fc540b6c3148e41d94f73d0276b904ec98ba16dcb544399289b,env920009,0.0019999999999996986,withheld-source-6da607a0206796f6c08c,withheld-source-333b44689116e45c5f7b,policy-rate nominal 20Hz; use sim_time_s,max_t sum_j abs(tau_j*omega_j); five commanded joints,entire observed episode including followup when successful,False
H1,record-21767d2901799c16,depth,1,none,920010,1020010,True,dwell_complete,339,198.711,0.20000000000000015,17.152000000001372,16.952000000001483,8476,15.112000000001716,299,2.0399999999996563,True,280.51295836931104,282.2298306882312,283.94670300715063,72.50478468455829,280.51295835218804,282.22983105799284,283.9467037637924,468ac818a304fab88930c3fce97d24957ebdc6e5cb581b72b8a5e3b1001e8891,fb494e5ac89a66eba5f7378fa57979240f73b8c2580f1ee763dc27f9983e820b,2686b0d1b1118f04b271e9e5b49d0968d57f31ac451a0dea118bab9c502d1799,env920010,0.002000000000000175,withheld-source-6da607a0206796f6c08c,withheld-source-c90e76b455ecad61f38f,policy-rate nominal 20Hz; use sim_time_s,max_t sum_j abs(tau_j*omega_j); five commanded joints,entire observed episode including followup when successful,False
H1,record-b13845d581516144,rgb,2,none,930007,1030007,True,dwell_complete,859,505.305,0.20000000000000015,43.15200000000677,42.95200000000653,21476,41.12000000000429,819,2.0320000000024834,True,262.9818224064447,266.8107205015735,270.63961859670894,64.16970301891206,262.9818233254988,266.8107418655216,270.6396604055436,ef98bbb4363e1b38fd0edad54d1223c731dbc10cf6b6548bc7c50b10f176db3d,1952cb0096eb854f1f7db24dc19e27344ebcc2769b3e41b61aaf29df78d545a9,9e3383e6129a4d292abd4dc773fd9b2907d55d8171d85478c3ef53a9f903c337,env930007,0.002000000000000304,withheld-source-18d8025a124142eb6c39,withheld-source-d3e25382d4c53423a270,policy-rate nominal 20Hz; use sim_time_s,max_t sum_j abs(tau_j*omega_j); five commanded joints,entire observed episode including followup when successful,False
H1,record-b13845d581516144,rgb,2,none,930008,1030008,True,dwell_complete,761,442.325,0.20000000000000015,38.252000000000784,38.05200000000054,19026,36.20999999999829,721,2.0420000000024956,True,261.83740509783587,265.90427114023527,269.97113718263364,53.535572667391826,261.83740592581046,265.9042887147478,269.97117150368763,2497caa0fe53d04c795cf0fb578af4068180ae9febf59bff850ddf85d28b0d33,1952cb0096eb854f1f7db24dc19e27344ebcc2769b3e41b61aaf29df78d545a9,bee7c467824898cf6a0c2ea00f964a7a0045428991184e2f1810c42464d53cd3,env930008,0.0020000000000000282,withheld-source-18d8025a124142eb6c39,withheld-source-30ec242f24686c50c528,policy-rate nominal 20Hz; use sim_time_s,max_t sum_j abs(tau_j*omega_j); five commanded joints,entire observed episode including followup when successful,False
H1,record-b13845d581516144,rgb,2,none,930009,1030009,True,dwell_complete,497,289.038,0.20000000000000015,25.051999999996994,24.851999999997105,12426,23.03999999999811,457,2.011999999998885,True,261.47170507179914,264.6134659151733,267.75522675854654,66.0811750906175,261.4717052218603,264.6134697573385,267.7552342928161,2120d7dfd4053cb1d87a28177117e01e5fea953fb2d24076eba47a877f9d3f56,1952cb0096eb854f1f7db24dc19e27344ebcc2769b3e41b61aaf29df78d545a9,86a14aeff4b92ca85a0028bbea2cf02171b78ed7448da6c298590c8e35e5fe2c,env930009,0.001999999999999767,withheld-source-18d8025a124142eb6c39,withheld-source-51a71e039fe656102d98,policy-rate nominal 20Hz; use sim_time_s,max_t sum_j abs(tau_j*omega_j); five commanded joints,entire observed episode including followup when successful,False
H1,record-b13845d581516144,rgb,2,none,930010,1030010,False,max_steps,2000,1166.059,0.20000000000000015,100.20199999994787,100.00199999994834,50001,,,0.0,False,297.60355537738644,301.28984689851774,304.9761384196705,75.75549934154193,297.60355574659565,301.28985100409807,304.9761462615998,96693d4f3bb633c6b3bb3dff33ba03eec595df7b7608c0cad27862aa624efebc,1952cb0096eb854f1f7db24dc19e27344ebcc2769b3e41b61aaf29df78d545a9,a8583ec911a55c8e3df709fd7b079d5213c95324d7a47a059ad6b0d867a9a6fc,env930010,0.001999999999998967,withheld-source-18d8025a124142eb6c39,withheld-source-6f7fa73dc533d15248c3,policy-rate nominal 20Hz; use sim_time_s,max_t sum_j abs(tau_j*omega_j); five commanded joints,entire observed episode including followup when successful,False
H1,record-b13845d581516144,rgb,2,none,930011,1030011,True,dwell_complete,513,298.412,0.20000000000000015,25.85199999999655,25.65199999999666,12826,23.84999999999766,473,2.0019999999988904,True,267.2182589514064,269.24399237471243,271.26972579801964,71.70748167378544,267.2182593309556,269.2440000282248,271.26974072549194,66354698c113c95251da0022dda42449eb5e3bf960bef24b39920fa4c0e6c313,1952cb0096eb854f1f7db24dc19e27344ebcc2769b3e41b61aaf29df78d545a9,089c44d7d4ea4f64d2fcd3c4e283cb047c4f85928a45036707f396bf1e96c8ed,env930011,0.00199999999999974,withheld-source-18d8025a124142eb6c39,withheld-source-033cf631984457a497da,policy-rate nominal 20Hz; use sim_time_s,max_t sum_j abs(tau_j*omega_j); five commanded joints,entire observed episode including followup when successful,False
H1,record-7d9493e124dd3475,depth,2,none,930007,1030007,True,dwell_complete,332,195.304,0.20000000000000015,16.802000000001566,16.602000000001677,8301,14.772000000001603,292,2.029999999999964,True,285.96210246019376,287.3428616945419,288.723620928891,73.31318006608085,285.96210272711534,287.34286880066924,288.72363487422126,ef98bbb4363e1b38fd0edad54d1223c731dbc10cf6b6548bc7c50b10f176db3d,8bd93d8d8a96e4d6c2260218373fea7747143158b6fd5601434dff03b73d73a9,6a1271077a620a74cc8b2f5dc8021a3415fbbbaf790f49254109f3a0cca57633,env930007,0.002000000000000202,withheld-source-f90ec134b6ac0fc15dc8,withheld-source-3bea261f937e5eb85970,policy-rate nominal 20Hz; use sim_time_s,max_t sum_j abs(tau_j*omega_j); five commanded joints,entire observed episode including followup when successful,False
H1,record-7d9493e124dd3475,depth,2,none,930008,1030008,True,dwell_complete,852,497.603,0.20000000000000015,42.802000000006345,42.6020000000061,21301,40.76200000000385,812,2.040000000002493,True,285.0961236664075,287.80269271355013,290.5092617606912,78.63831785667708,285.0961242375687,287.8027065141106,290.5092887906542,2497caa0fe53d04c795cf0fb578af4068180ae9febf59bff850ddf85d28b0d33,8bd93d8d8a96e4d6c2260218373fea7747143158b6fd5601434dff03b73d73a9,54ff9967163ba48ae8f0e7951636416971bca741add07e6172eb287f93d9f5d0,env930008,0.0020000000000002863,withheld-source-f90ec134b6ac0fc15dc8,withheld-source-45702c6d46685190979f,policy-rate nominal 20Hz; use sim_time_s,max_t sum_j abs(tau_j*omega_j); five commanded joints,entire observed episode including followup when successful,False
H1,record-7d9493e124dd3475,depth,2,none,930009,1030009,True,dwell_complete,326,192.082,0.20000000000000015,16.502000000001733,16.302000000001843,8151,14.488000000001508,286,2.014000000000225,True,269.8268109380005,271.40086377754227,272.9749166170842,77.36213927382715,269.8268111501725,271.4008678432356,272.974924536301,2120d7dfd4053cb1d87a28177117e01e5fea953fb2d24076eba47a877f9d3f56,8bd93d8d8a96e4d6c2260218373fea7747143158b6fd5601434dff03b73d73a9,51bbefdcb81c27b251992d8348ee94684ca2e37ac6c7f7354ea5682350ba72ce,env930009,0.002000000000000226,withheld-source-f90ec134b6ac0fc15dc8,withheld-source-01507256b3da81959c9c,policy-rate nominal 20Hz; use sim_time_s,max_t sum_j abs(tau_j*omega_j); five commanded joints,entire observed episode including followup when successful,False
H1,record-7d9493e124dd3475,depth,2,none,930010,1030010,True,dwell_complete,326,192.009,0.20000000000000015,16.502000000001733,16.302000000001843,8151,14.4640000000015,286,2.038000000000233,True,278.80029668258254,280.7100841425417,282.61987160250396,85.29649748281967,278.8002967333621,280.7100847172169,282.61987270107363,96693d4f3bb633c6b3bb3dff33ba03eec595df7b7608c0cad27862aa624efebc,8bd93d8d8a96e4d6c2260218373fea7747143158b6fd5601434dff03b73d73a9,a85a8a1eefce56a361f280b1de3d543292f6e3ab12c67ac7e48990b39a25a9ac,env930010,0.002000000000000226,withheld-source-f90ec134b6ac0fc15dc8,withheld-source-dc2ba5ad4086104f98dd,policy-rate nominal 20Hz; use sim_time_s,max_t sum_j abs(tau_j*omega_j); five commanded joints,entire observed episode including followup when successful,False
H1,record-7d9493e124dd3475,depth,2,none,930011,1030011,True,dwell_complete,416,245.54,0.20000000000000015,21.00199999999924,20.80199999999935,10401,18.956000000000373,376,2.045999999998866,True,265.04228719849476,266.95629755475403,268.87030791101483,70.61110916168067,265.04228730385194,266.95629955397163,268.8703118040971,66354698c113c95251da0022dda42449eb5e3bf960bef24b39920fa4c0e6c313,8bd93d8d8a96e4d6c2260218373fea7747143158b6fd5601434dff03b73d73a9,4d328baf0f7c3824e2c218d87c73390ce818fb36f1351a4c679be905b06ac49c,env930011,0.0019999999999999376,withheld-source-f90ec134b6ac0fc15dc8,withheld-source-09199ce8408f4bde3a53,policy-rate nominal 20Hz; use sim_time_s,max_t sum_j abs(tau_j*omega_j); five commanded joints,entire observed episode including followup when successful,False
H1,record-6c3c54b2a7fc4696,rgb,0,top,910008,1010008,True,dwell_complete,533,312.791,0.20000000000000015,26.851999999995996,26.651999999996107,13326,24.813999999997126,493,2.0379999999988705,True,259.95636148748724,262.04953003014043,264.14269857279425,80.21731327707562,259.956362629759,262.04953973930844,264.1427168488579,95afa894cae52cecd8d1ea13100da873722875da25bf8053f2d431347c8df560,3f0e8be1f39f5c1e2119b4160bf755ee036f8c5eda2862e86a95e67d543a350d,7b96ac69924446a12cb2c441bca386bc58e1bfbb53e5f9ebeef0400818b86143,env910008,0.0019999999999997077,withheld-source-f69d0f366785fa5bf442,withheld-source-4d777b7f051d575797cb,policy-rate nominal 20Hz; use sim_time_s,max_t sum_j abs(tau_j*omega_j); five commanded joints,entire observed episode including followup when successful,False
H1,record-6c3c54b2a7fc4696,rgb,0,top,910009,1010009,True,dwell_complete,1797,1072.607,0.20000000000000015,90.05199999997153,89.851999999972,44926,88.03399999997623,1757,2.017999999995297,True,267.01778910930204,270.38370241879625,273.74961572829665,73.05474939479538,267.0177924445843,270.38376597567805,273.74973950677844,f892bb2e359ffc92d77e47ae7ac24a53d8a8f90cb67c61cc892032fefb2dc983,3f0e8be1f39f5c1e2119b4160bf755ee036f8c5eda2862e86a95e67d543a350d,4e267c805f149bef79b90925c0ca156520628169db5fac19a30e6be57fb99fa6,env910009,0.0019999999999993764,withheld-source-f69d0f366785fa5bf442,withheld-source-8cef0ca473eded2a8ed1,policy-rate nominal 20Hz; use sim_time_s,max_t sum_j abs(tau_j*omega_j); five commanded joints,entire observed episode including followup when successful,False
H1,record-6c3c54b2a7fc4696,rgb,0,top,910010,1010010,False,max_steps,2000,1161.03,0.20000000000000015,100.20199999994787,100.00199999994834,50001,,,0.0,False,342.8342107576251,347.73089455093555,352.6275783442554,82.81416141019454,342.8342124928707,347.73091990143666,352.6276273100308,38d9d327c4b4a6d57208c5006f9000a18a5f1baf5c30293d0bb30974b3dd2c25,3f0e8be1f39f5c1e2119b4160bf755ee036f8c5eda2862e86a95e67d543a350d,ec7081a8e3ccb065c1357402624182619b0556d3064af2b3fc22a680702cba04,env910010,0.001999999999998967,withheld-source-f69d0f366785fa5bf442,withheld-source-2df9e8a5a2012c0efed8,policy-rate nominal 20Hz; use sim_time_s,max_t sum_j abs(tau_j*omega_j); five commanded joints,entire observed episode including followup when successful,False
H1,record-b7109b6e58bf489b,depth,0,top,910008,1010008,True,dwell_complete,441,261.478,0.20000000000000015,22.251999999998546,22.051999999998657,11026,20.249999999999655,401,2.0019999999988904,True,251.57531512791942,253.71135892435058,255.84740272078272,66.78909418343937,251.57531522741854,253.71136006617107,255.84740490492717,95afa894cae52cecd8d1ea13100da873722875da25bf8053f2d431347c8df560,4ccf152e2e08a3c91a2022d6e9f6cd71dd5edeb69e9e4ee120f42ffd45f3cf81,d69d70f0a0d5e7a3a40334eeb22ffb358ceb6aa25f7106655b1c27558955f6c9,env910008,0.001999999999999878,withheld-source-61e90617833f22b55f23,withheld-source-275264fa44d4703b53e7,policy-rate nominal 20Hz; use sim_time_s,max_t sum_j abs(tau_j*omega_j); five commanded joints,entire observed episode including followup when successful,False
H1,record-b7109b6e58bf489b,depth,0,top,910009,1010009,False,max_steps,2000,1202.423,0.20000000000000015,100.20199999994787,100.00199999994834,50001,,,0.0,False,279.0203659666507,282.6081774678695,286.1959889690916,57.624421684098174,279.02036904488057,282.6082150494426,286.19606105401374,f892bb2e359ffc92d77e47ae7ac24a53d8a8f90cb67c61cc892032fefb2dc983,4ccf152e2e08a3c91a2022d6e9f6cd71dd5edeb69e9e4ee120f42ffd45f3cf81,d82827de4cbe093d3e7e9f2060628e8948a8b01f469da469c30f5aefcc01a4e2,env910009,0.001999999999998967,withheld-source-61e90617833f22b55f23,withheld-source-c868615d3d0dbd4d514c,policy-rate nominal 20Hz; use sim_time_s,max_t sum_j abs(tau_j*omega_j); five commanded joints,entire observed episode including followup when successful,False
H1,record-b7109b6e58bf489b,depth,0,top,910010,1010010,False,max_steps,2000,1170.014,0.20000000000000015,100.20199999994787,100.00199999994834,50001,,,0.0,False,307.2426251801689,311.2474808092738,315.25233643838453,64.92163552081628,307.24263197596696,311.24755613292916,315.2524802898958,38d9d327c4b4a6d57208c5006f9000a18a5f1baf5c30293d0bb30974b3dd2c25,4ccf152e2e08a3c91a2022d6e9f6cd71dd5edeb69e9e4ee120f42ffd45f3cf81,2f65f3e175c42c5c94c1e176cac16dd26e5245545c447562b64235cf3d0daa23,env910010,0.001999999999998967,withheld-source-61e90617833f22b55f23,withheld-source-fe812d43dcfb8b7de1fc,policy-rate nominal 20Hz; use sim_time_s,max_t sum_j abs(tau_j*omega_j); five commanded joints,entire observed episode including followup when successful,False
H1,record-e5f0a68d348ea714,rgb,1,top,920008,1020008,False,max_steps,2000,1233.866,0.20000000000000015,100.20199999994787,100.00199999994834,50001,,,0.0,False,265.9924003942017,270.6105450921621,275.22868979012605,83.16036957915401,265.99240472980676,270.6105988130493,275.2287928962993,2a860fc20f5df74c5ce66dac0660c8e7c8e47818b739f0ad71a950e907c49bb6,bb415d715177cc98c69f65cbcd41425989f2ee06055139e688625932233de5a8,293b0e64748c1a47591983f0c6786e1ea759e795896917f41ee6a1803e60addf,env920008,0.001999999999998967,withheld-source-5777d878adbaa2f2f226,withheld-source-5a7f45ac8576d899eee5,policy-rate nominal 20Hz; use sim_time_s,max_t sum_j abs(tau_j*omega_j); five commanded joints,entire observed episode including followup when successful,False
H1,record-e5f0a68d348ea714,rgb,1,top,920009,1020009,False,max_steps,2000,1279.387,0.20000000000000015,100.20199999994787,100.00199999994834,50001,,,0.0,False,307.0696509109592,313.98714515716887,320.9046394033849,70.89891066969314,307.06965437178917,313.98720383150095,320.90475329121995,b0d57c1679a7f87c747f574ca8add17edf3dc3552c7314d2c7a257954acf7ebd,bb415d715177cc98c69f65cbcd41425989f2ee06055139e688625932233de5a8,708080d71e6b44f6edde44bae8706203541915e72fd38c8a9219ffab2baf90d9,env920009,0.001999999999998967,withheld-source-5777d878adbaa2f2f226,withheld-source-996a78d029f371307800,policy-rate nominal 20Hz; use sim_time_s,max_t sum_j abs(tau_j*omega_j); five commanded joints,entire observed episode including followup when successful,False
H1,record-e5f0a68d348ea714,rgb,1,top,920010,1020010,True,dwell_complete,647,412.959,0.20000000000000015,32.55199999999382,32.35199999999357,16176,30.52399999999396,607,2.0279999999998566,True,267.34129280138706,270.6929331873141,274.04457357323906,73.3045717729082,267.3412940599547,270.69296149928306,274.04462893860887,468ac818a304fab88930c3fce97d24957ebdc6e5cb581b72b8a5e3b1001e8891,bb415d715177cc98c69f65cbcd41425989f2ee06055139e688625932233de5a8,5ac9d21b082b7f679566fee7f217f26e7b5244220ebf279e8c9ec00fdf9c4cda,env920010,0.001999999999999603,withheld-source-5777d878adbaa2f2f226,withheld-source-7938c980e808aadbd5d2,policy-rate nominal 20Hz; use sim_time_s,max_t sum_j abs(tau_j*omega_j); five commanded joints,entire observed episode including followup when successful,False
H1,record-5760bc2a068d878f,depth,1,top,920008,1020008,True,dwell_complete,470,312.178,0.20000000000000015,23.701999999997742,23.501999999997853,11751,21.661999999998873,430,2.0399999999988694,True,248.29777404408281,250.55392869288775,252.8100833416912,80.01154418769825,248.29777514307466,250.55394113850076,252.81010713392774,2a860fc20f5df74c5ce66dac0660c8e7c8e47818b739f0ad71a950e907c49bb6,fb494e5ac89a66eba5f7378fa57979240f73b8c2580f1ee763dc27f9983e820b,51f5c4ef9d2fad461876b145f44d24aaed68f26310e26a56d6403be9e0ef91b0,env920008,0.0019999999999998175,withheld-source-dfd4af824f0c6a67c43e,withheld-source-0dc62a978a3d274e1b32,policy-rate nominal 20Hz; use sim_time_s,max_t sum_j abs(tau_j*omega_j); five commanded joints,entire observed episode including followup when successful,False
H1,record-5760bc2a068d878f,depth,1,top,920009,1020009,True,dwell_complete,534,333.693,0.20000000000000015,26.90199999999597,26.70199999999608,13351,24.8619999999971,494,2.0399999999988694,True,269.0920940296935,271.7013422120118,274.3105903943328,84.87978549544681,269.0920943108116,271.70134839562195,274.3106024804389,b0d57c1679a7f87c747f574ca8add17edf3dc3552c7314d2c7a257954acf7ebd,fb494e5ac89a66eba5f7378fa57979240f73b8c2580f1ee763dc27f9983e820b,279338db74ec8f721b701574c29c0d1eb6b364206a5374c0ef2cf69bae2239a3,env920009,0.0019999999999997064,withheld-source-dfd4af824f0c6a67c43e,withheld-source-56056fce82bde95b9fed,policy-rate nominal 20Hz; use sim_time_s,max_t sum_j abs(tau_j*omega_j); five commanded joints,entire observed episode including followup when successful,False
H1,record-5760bc2a068d878f,depth,1,top,920010,1020010,True,dwell_complete,416,248.082,0.20000000000000015,21.00199999999924,20.80199999999935,10401,18.99600000000035,376,2.0059999999988882,True,276.08650949135256,278.8726273647734,281.6587452381929,75.8520494841323,276.08650962016264,278.8726295987896,281.6587495774157,468ac818a304fab88930c3fce97d24957ebdc6e5cb581b72b8a5e3b1001e8891,fb494e5ac89a66eba5f7378fa57979240f73b8c2580f1ee763dc27f9983e820b,761306332c6b5b5e85521f958f11c5166c6549fe2e098814d7f4796f43716aa2,env920010,0.0019999999999999376,withheld-source-dfd4af824f0c6a67c43e,withheld-source-ad891a41d3f1cb47c7f6,policy-rate nominal 20Hz; use sim_time_s,max_t sum_j abs(tau_j*omega_j); five commanded joints,entire observed episode including followup when successful,False
H1,record-28d0ec2691988efa,rgb,2,top,930007,1030007,True,dwell_complete,563,329.57,0.20000000000000015,28.351999999995165,28.151999999995276,14076,26.331999999996285,523,2.0199999999988805,True,267.2494766268143,269.81164691669096,272.3738172065663,62.577873690405575,267.2494769873737,269.81165380164464,272.3738306159107,ef98bbb4363e1b38fd0edad54d1223c731dbc10cf6b6548bc7c50b10f176db3d,1952cb0096eb854f1f7db24dc19e27344ebcc2769b3e41b61aaf29df78d545a9,399d9ba1235103d8b81be26259a355559aacf248c8236ee06e915397f249d435,env930007,0.0019999999999996644,withheld-source-85c6b4e67a8eaf9989fd,withheld-source-f693d735146983561944,policy-rate nominal 20Hz; use sim_time_s,max_t sum_j abs(tau_j*omega_j); five commanded joints,entire observed episode including followup when successful,False
H1,record-28d0ec2691988efa,rgb,2,top,930008,1030008,True,dwell_complete,680,396.505,0.20000000000000015,34.201999999995834,34.00199999999559,17001,32.19199999999338,640,2.0100000000024565,True,260.7336305457715,264.85744852369174,268.98126650161163,53.518462645224254,260.73363096557785,264.85745671483244,268.9812824640864,2497caa0fe53d04c795cf0fb578af4068180ae9febf59bff850ddf85d28b0d33,1952cb0096eb854f1f7db24dc19e27344ebcc2769b3e41b61aaf29df78d545a9,76880c6b6f02a21444f9900242d998fabd9ee056f56c0dd9f2042b67cc077554,env930008,0.0019999999999997407,withheld-source-85c6b4e67a8eaf9989fd,withheld-source-3aeb77438275d3499f07,policy-rate nominal 20Hz; use sim_time_s,max_t sum_j abs(tau_j*omega_j); five commanded joints,entire observed episode including followup when successful,False
H1,record-28d0ec2691988efa,rgb,2,top,930009,1030009,True,dwell_complete,371,216.421,0.20000000000000015,18.752000000000486,18.552000000000596,9276,16.70600000000162,331,2.045999999998866,True,261.20919607115064,263.8928164098417,266.5764367485356,66.3347241408198,261.20919701916523,263.8928234688349,266.5764499185042,2120d7dfd4053cb1d87a28177117e01e5fea953fb2d24076eba47a877f9d3f56,1952cb0096eb854f1f7db24dc19e27344ebcc2769b3e41b61aaf29df78d545a9,7d3c1d712c77edc4726784630b2022ee8c5813c0f62a0fdba0216603594eacba,env930009,0.0020000000000000642,withheld-source-85c6b4e67a8eaf9989fd,withheld-source-89d86a3a61fc6d373482,policy-rate nominal 20Hz; use sim_time_s,max_t sum_j abs(tau_j*omega_j); five commanded joints,entire observed episode including followup when successful,False
H1,record-28d0ec2691988efa,rgb,2,top,930010,1030010,True,dwell_complete,770,485.695,0.20000000000000015,38.702000000001334,38.50200000000109,19251,36.70199999999889,730,2.0000000000024443,True,270.33150636210087,273.16838527316804,276.00526418423885,78.66801040019479,270.3315072601449,273.1684035149608,276.00529976977714,96693d4f3bb633c6b3bb3dff33ba03eec595df7b7608c0cad27862aa624efebc,1952cb0096eb854f1f7db24dc19e27344ebcc2769b3e41b61aaf29df78d545a9,dc8eea48581482a6420dfb976d890d3a00eb7c7e9d4c8818f0edc49adbd3cfbe,env930010,0.0020000000000000564,withheld-source-85c6b4e67a8eaf9989fd,withheld-source-2f4ca2ed5b43362bd5ea,policy-rate nominal 20Hz; use sim_time_s,max_t sum_j abs(tau_j*omega_j); five commanded joints,entire observed episode including followup when successful,False
H1,record-28d0ec2691988efa,rgb,2,top,930011,1030011,True,dwell_complete,457,292.351,0.20000000000000015,23.051999999998102,22.851999999998213,11426,21.021999999999228,417,2.029999999998875,True,271.2560146021795,273.0331302628325,274.81024592348575,71.68979582111818,271.2560152241282,273.03313502790434,274.81025483168247,66354698c113c95251da0022dda42449eb5e3bf960bef24b39920fa4c0e6c313,1952cb0096eb854f1f7db24dc19e27344ebcc2769b3e41b61aaf29df78d545a9,d2c1e4b0e66aa4a88247906f2a1f5280fb7e99f40c1e33a52c1620c55dbde3de,env930011,0.0019999999999998435,withheld-source-85c6b4e67a8eaf9989fd,withheld-source-20272eb5f10552e89261,policy-rate nominal 20Hz; use sim_time_s,max_t sum_j abs(tau_j*omega_j); five commanded joints,entire observed episode including followup when successful,False
H1,record-7f7c1a8e35f44f92,depth,2,top,930007,1030007,True,dwell_complete,630,407.854,0.20000000000000015,31.70199999999331,31.50199999999342,15751,29.689999999994424,590,2.011999999998885,True,267.66879103509893,270.5389511025534,273.40911117001116,73.7123892509659,267.66879203246054,270.5389616872106,273.40913134196455,ef98bbb4363e1b38fd0edad54d1223c731dbc10cf6b6548bc7c50b10f176db3d,8bd93d8d8a96e4d6c2260218373fea7747143158b6fd5601434dff03b73d73a9,0b73d6e49d8df28c1d8f41935fd213a97e0c792ae41ebd5f687ed385f4df99ec,env930007,0.0019999999999995824,withheld-source-b6730b7f031d5d9d516e,withheld-source-36da6a1b21d51ffb2104,policy-rate nominal 20Hz; use sim_time_s,max_t sum_j abs(tau_j*omega_j); five commanded joints,entire observed episode including followup when successful,False
H1,record-7f7c1a8e35f44f92,depth,2,top,930008,1030008,True,dwell_complete,623,400.126,0.20000000000000015,31.351999999993502,31.151999999993613,15576,29.31799999999463,583,2.0339999999988727,True,268.81663374970134,272.2275715874962,275.6385094252923,67.689283331365,268.8166359398951,272.227592379995,275.6385488200944,2497caa0fe53d04c795cf0fb578af4068180ae9febf59bff850ddf85d28b0d33,8bd93d8d8a96e4d6c2260218373fea7747143158b6fd5601434dff03b73d73a9,e23926744531e83544cbad413cde99f9ed355a4f02dfb12009f22ec8bb15e7a7,env930008,0.0019999999999995898,withheld-source-b6730b7f031d5d9d516e,withheld-source-c48e3b1068dde12299c5,policy-rate nominal 20Hz; use sim_time_s,max_t sum_j abs(tau_j*omega_j); five commanded joints,entire observed episode including followup when successful,False
H1,record-7f7c1a8e35f44f92,depth,2,top,930009,1030009,True,dwell_complete,382,245.723,0.20000000000000015,19.30200000000018,19.10200000000029,9551,17.2820000000013,342,2.0199999999988805,True,261.0479735805744,263.7220788275952,266.3961840746162,90.05104377542987,261.04797375515255,263.72208134685434,266.3961889385529,2120d7dfd4053cb1d87a28177117e01e5fea953fb2d24076eba47a877f9d3f56,8bd93d8d8a96e4d6c2260218373fea7747143158b6fd5601434dff03b73d73a9,c33c379e9e0e93741b641affdc5304d590c7d8f7a2c6da83314e80a3a41b437e,env930009,0.0020000000000000304,withheld-source-b6730b7f031d5d9d516e,withheld-source-340b0d5cacb8f03f4f4f,policy-rate nominal 20Hz; use sim_time_s,max_t sum_j abs(tau_j*omega_j); five commanded joints,entire observed episode including followup when successful,False
H1,record-7f7c1a8e35f44f92,depth,2,top,930010,1030010,True,dwell_complete,329,211.625,0.20000000000000015,16.65200000000165,16.45200000000176,8226,14.622000000001552,289,2.030000000000097,True,278.0945159475801,280.21451666863163,282.33451738968193,86.5298136458232,278.09451614520486,280.2145190409167,282.3345219366291,96693d4f3bb633c6b3bb3dff33ba03eec595df7b7608c0cad27862aa624efebc,8bd93d8d8a96e4d6c2260218373fea7747143158b6fd5601434dff03b73d73a9,96dabed98b2f0fa79b2a38d7ebe53fecf6a4f2c001733fbe15c50d22990d45bb,env930010,0.002000000000000214,withheld-source-b6730b7f031d5d9d516e,withheld-source-9aab399b03624b5de91d,policy-rate nominal 20Hz; use sim_time_s,max_t sum_j abs(tau_j*omega_j); five commanded joints,entire observed episode including followup when successful,False
H1,record-7f7c1a8e35f44f92,depth,2,top,930011,1030011,True,dwell_complete,528,341.511,0.20000000000000015,26.601999999996135,26.401999999996246,13201,24.561999999997266,488,2.0399999999988694,True,263.4622543193219,265.7622008147971,268.06214731027046,68.42588392058343,263.46225454792614,265.7622040980294,268.06215364812965,66354698c113c95251da0022dda42449eb5e3bf960bef24b39920fa4c0e6c313,8bd93d8d8a96e4d6c2260218373fea7747143158b6fd5601434dff03b73d73a9,c031178632b378e0c494fe914c814d1e00a95683ea1b487c3037394478d14821,env930011,0.0019999999999997155,withheld-source-b6730b7f031d5d9d516e,withheld-source-600a256d3b7a8bcbf928,policy-rate nominal 20Hz; use sim_time_s,max_t sum_j abs(tau_j*omega_j); five commanded joints,entire observed episode including followup when successful,False
H1,record-4b0726f1024204e3,rgb,0,front,910008,1010008,True,dwell_complete,858,548.754,0.20000000000000015,43.10200000000671,42.90200000000647,21451,41.09000000000425,818,2.012000000002459,True,263.94573433648713,267.37981304122553,270.81389174596956,77.72607211970696,263.94573564348224,267.3798394523796,270.8139432612828,95afa894cae52cecd8d1ea13100da873722875da25bf8053f2d431347c8df560,3f0e8be1f39f5c1e2119b4160bf755ee036f8c5eda2862e86a95e67d543a350d,db34b131746abda2b2bff30469843f5903103daeca34964bfb7ee65c8817a59a,env910008,0.0020000000000003014,withheld-source-d92a43ad1d18d635c093,withheld-source-fc953461c008cf05131e,policy-rate nominal 20Hz; use sim_time_s,max_t sum_j abs(tau_j*omega_j); five commanded joints,entire observed episode including followup when successful,False
H1,record-4b0726f1024204e3,rgb,0,front,910009,1010009,True,dwell_complete,998,644.94,0.20000000000000015,50.102000000015266,49.90200000001502,24951,48.07600000001279,958,2.026000000002476,True,248.31747823630332,251.94111544228727,255.56475264827552,72.15229293549736,248.3174789026521,251.94112894760525,255.56477899255418,f892bb2e359ffc92d77e47ae7ac24a53d8a8f90cb67c61cc892032fefb2dc983,3f0e8be1f39f5c1e2119b4160bf755ee036f8c5eda2862e86a95e67d543a350d,8548f3fae92e92a17d0febb6c8b7809944bfe2dd6d518c8ff950d331c0eccead,env910009,0.002000000000000602,withheld-source-d92a43ad1d18d635c093,withheld-source-9f93d9e911b3c9dc25b3,policy-rate nominal 20Hz; use sim_time_s,max_t sum_j abs(tau_j*omega_j); five commanded joints,entire observed episode including followup when successful,False
H1,record-4b0726f1024204e3,rgb,0,front,910010,1010010,True,dwell_complete,1204,763.663,0.20000000000000015,60.402000000027854,60.20200000002761,30101,58.36000000002536,1164,2.0420000000024956,True,299.0753116077704,302.15655995634364,305.23780830492535,82.1003289447818,299.0753126928704,302.15658132394043,305.2378499550223,38d9d327c4b4a6d57208c5006f9000a18a5f1baf5c30293d0bb30974b3dd2c25,3f0e8be1f39f5c1e2119b4160bf755ee036f8c5eda2862e86a95e67d543a350d,643319591b48a97d8bc124873eb6ca2c6ec0d7e38c830a96249148eb2365fb2e,env910010,0.0020000000000009173,withheld-source-d92a43ad1d18d635c093,withheld-source-8f943b1786ffd99829e0,policy-rate nominal 20Hz; use sim_time_s,max_t sum_j abs(tau_j*omega_j); five commanded joints,entire observed episode including followup when successful,False
H1,record-546126ec21e73df2,depth,0,front,910008,1010008,True,dwell_complete,772,504.899,0.20000000000000015,38.802000000001456,38.60200000000121,19301,36.78199999999899,732,2.0200000000024687,True,252.27291207486255,256.17664002101725,260.08036796717215,77.6102807548821,252.27291292528534,256.17665759390565,260.0804022625264,95afa894cae52cecd8d1ea13100da873722875da25bf8053f2d431347c8df560,4ccf152e2e08a3c91a2022d6e9f6cd71dd5edeb69e9e4ee120f42ffd45f3cf81,a59e33e9e48e5103c53b03ca490d787bf071d0fa8d5c669937eb06d531f72d31,env910008,0.002000000000000063,withheld-source-4a49ca7ce301bd6233ed,withheld-source-31a1deb31b94d63162e6,policy-rate nominal 20Hz; use sim_time_s,max_t sum_j abs(tau_j*omega_j); five commanded joints,entire observed episode including followup when successful,False
H1,record-546126ec21e73df2,depth,0,front,910009,1010009,False,max_steps,2000,1324.824,0.20000000000000015,100.20199999994787,100.00199999994834,50001,,,0.0,False,286.3062700896793,288.86509655220215,291.42392301475246,85.73817265224268,286.3062713918815,288.86513103055705,291.42399066925867,f892bb2e359ffc92d77e47ae7ac24a53d8a8f90cb67c61cc892032fefb2dc983,4ccf152e2e08a3c91a2022d6e9f6cd71dd5edeb69e9e4ee120f42ffd45f3cf81,749db63399d92d360b3137e3b6141ea9b0245d7bd15ab337862a078ffd062b50,env910009,0.001999999999998967,withheld-source-4a49ca7ce301bd6233ed,withheld-source-7c6260b612f3906cd949,policy-rate nominal 20Hz; use sim_time_s,max_t sum_j abs(tau_j*omega_j); five commanded joints,entire observed episode including followup when successful,False
H1,record-546126ec21e73df2,depth,0,front,910010,1010010,True,dwell_complete,539,349.468,0.20000000000000015,27.15199999999583,26.95199999999594,13476,25.103999999996965,498,2.047999999998865,True,300.1086958618446,302.5180768757411,304.9274578896373,80.45105291545929,300.1086961127701,302.51808288782803,304.92746966288695,38d9d327c4b4a6d57208c5006f9000a18a5f1baf5c30293d0bb30974b3dd2c25,4ccf152e2e08a3c91a2022d6e9f6cd71dd5edeb69e9e4ee120f42ffd45f3cf81,3419577c50b76e4c952c3e2bfeb370e1e0eae50697e9908a6cb0f1751253114b,env910010,0.0019999999999996986,withheld-source-4a49ca7ce301bd6233ed,withheld-source-bb738ce7997aaf6ca1ef,policy-rate nominal 20Hz; use sim_time_s,max_t sum_j abs(tau_j*omega_j); five commanded joints,entire observed episode including followup when successful,False
H1,record-0129c5108a8965ae,rgb,1,front,920008,1020008,True,dwell_complete,526,343.329,0.20000000000000015,26.50199999999619,26.3019999999963,13151,24.457999999997323,486,2.043999999998867,True,252.59675347789474,254.83477124437297,257.07278901085033,75.55655032070247,252.59675418112667,254.83478442472193,257.07281466832006,2a860fc20f5df74c5ce66dac0660c8e7c8e47818b739f0ad71a950e907c49bb6,bb415d715177cc98c69f65cbcd41425989f2ee06055139e688625932233de5a8,94df85af20fa98bc290807dfb90b8a5cc7c0250984a8955d798f787e8866b2e0,env920008,0.0019999999999997186,withheld-source-432f9cd09c3211928f84,withheld-source-866f21622c775c0869ea,policy-rate nominal 20Hz; use sim_time_s,max_t sum_j abs(tau_j*omega_j); five commanded joints,entire observed episode including followup when successful,False
H1,record-0129c5108a8965ae,rgb,1,front,920009,1020009,False,max_steps,2000,1272.346,0.20000000000000015,100.20199999994787,100.00199999994834,50001,,,0.0,False,281.0836399484868,286.9526031158437,292.82156628320496,64.09269175164728,281.0836453776992,286.9527056426948,292.8217659076967,b0d57c1679a7f87c747f574ca8add17edf3dc3552c7314d2c7a257954acf7ebd,bb415d715177cc98c69f65cbcd41425989f2ee06055139e688625932233de5a8,ae70ea39e90ebf8412076b744b1e0d64b397db0f50bceeed885db45d1b0745fe,env920009,0.001999999999998967,withheld-source-432f9cd09c3211928f84,withheld-source-ab116d1d3f6ca34b38a4,policy-rate nominal 20Hz; use sim_time_s,max_t sum_j abs(tau_j*omega_j); five commanded joints,entire observed episode including followup when successful,False
H1,record-0129c5108a8965ae,rgb,1,front,920010,1020010,True,dwell_complete,355,225.443,0.20000000000000015,17.95200000000093,17.75200000000104,8876,15.93400000000199,315,2.0179999999989384,True,267.1197256469299,269.45708990259476,271.7944541582619,73.31181085777493,267.11972569381277,269.4570904003302,271.79445510684747,468ac818a304fab88930c3fce97d24957ebdc6e5cb581b72b8a5e3b1001e8891,bb415d715177cc98c69f65cbcd41425989f2ee06055139e688625932233de5a8,79bd778604d334c2e29b9c1bc474640aaecfeaaac471f8fdff2317df597d46a7,env920010,0.002000000000000117,withheld-source-432f9cd09c3211928f84,withheld-source-7ad9527a183e41c34ccb,policy-rate nominal 20Hz; use sim_time_s,max_t sum_j abs(tau_j*omega_j); five commanded joints,entire observed episode including followup when successful,False
H1,record-b9a8cd4b5a27f9e2,depth,1,front,920008,1020008,True,dwell_complete,356,234.984,0.20000000000000015,18.0020000000009,17.802000000001012,8901,15.958000000001999,316,2.0439999999989027,True,254.693540614247,256.23697931920384,257.78041802415515,82.23385860964765,254.69354082613071,256.2369838648657,257.7804269035984,2a860fc20f5df74c5ce66dac0660c8e7c8e47818b739f0ad71a950e907c49bb6,fb494e5ac89a66eba5f7378fa57979240f73b8c2580f1ee763dc27f9983e820b,abce063c079a32b89a3be3268ef6458c94086aeebd2102bcd43d3f385da63b7b,env920008,0.0020000000000001137,withheld-source-6e0203b4de8253cdd645,withheld-source-435b685db08f20ac22a3,policy-rate nominal 20Hz; use sim_time_s,max_t sum_j abs(tau_j*omega_j); five commanded joints,entire observed episode including followup when successful,False
H1,record-b9a8cd4b5a27f9e2,depth,1,front,920009,1020009,True,dwell_complete,630,404.559,0.20000000000000015,31.70199999999331,31.50199999999342,15751,29.683999999994427,590,2.0179999999988816,True,274.5769412480833,276.8278457165415,279.07875018499726,71.46414504034993,274.57694186595074,276.8278576930441,279.07877352013224,b0d57c1679a7f87c747f574ca8add17edf3dc3552c7314d2c7a257954acf7ebd,fb494e5ac89a66eba5f7378fa57979240f73b8c2580f1ee763dc27f9983e820b,681fdb683e699e86506ac6bcd72fe93043770b7e715f35e9a30e2d1e4a001d1c,env920009,0.0019999999999995824,withheld-source-6e0203b4de8253cdd645,withheld-source-0de6f6a5106f4440d59c,policy-rate nominal 20Hz; use sim_time_s,max_t sum_j abs(tau_j*omega_j); five commanded joints,entire observed episode including followup when successful,False
H1,record-b9a8cd4b5a27f9e2,depth,1,front,920010,1020010,True,dwell_complete,312,199.279,0.20000000000000015,15.802000000001946,15.60200000000188,7801,13.77400000000127,272,2.0280000000006773,True,291.78695381465565,293.29124829165403,294.79554276865247,78.78466389317478,291.78695395559646,293.29124959138596,294.79554522717314,468ac818a304fab88930c3fce97d24957ebdc6e5cb581b72b8a5e3b1001e8891,fb494e5ac89a66eba5f7378fa57979240f73b8c2580f1ee763dc27f9983e820b,37f94edea0837456334c97065711502d7e4fbca7446d80ceeb0c4b491417464f,env920010,0.002000000000000241,withheld-source-6e0203b4de8253cdd645,withheld-source-c99d3a7c25824d983eb0,policy-rate nominal 20Hz; use sim_time_s,max_t sum_j abs(tau_j*omega_j); five commanded joints,entire observed episode including followup when successful,False
H1,record-dbb1ff811b79be56,rgb,2,front,930007,1030007,True,dwell_complete,1116,713.285,0.20000000000000015,56.00200000002248,55.80200000002223,27901,53.95800000001998,1076,2.044000000002498,True,287.7781911238626,292.33698048283077,296.8957698417968,72.27133180277026,287.77819443724053,292.3370418238289,296.8958892104113,ef98bbb4363e1b38fd0edad54d1223c731dbc10cf6b6548bc7c50b10f176db3d,1952cb0096eb854f1f7db24dc19e27344ebcc2769b3e41b61aaf29df78d545a9,fe300b26b579a3a4a7b15c33e7b0a5c7cde6abea0ef0bebc58fb238dc6a338bc,env930007,0.0020000000000007967,withheld-source-d23d0c1a0815f87339ab,withheld-source-7ed1b2f2cc7e24ae63be,policy-rate nominal 20Hz; use sim_time_s,max_t sum_j abs(tau_j*omega_j); five commanded joints,entire observed episode including followup when successful,False
H1,record-dbb1ff811b79be56,rgb,2,front,930008,1030008,False,max_steps,2000,1269.58,0.20000000000000015,100.20199999994787,100.00199999994834,50001,,,0.0,False,288.4987211656929,294.08198131316874,299.6652414606318,62.16170514162869,288.4987267865447,294.0820932000746,299.66545961360487,2497caa0fe53d04c795cf0fb578af4068180ae9febf59bff850ddf85d28b0d33,1952cb0096eb854f1f7db24dc19e27344ebcc2769b3e41b61aaf29df78d545a9,6d82510c9b5c9376ba539cff99d82b66b24d14e8a04ba1d12da6379b689bcae1,env930008,0.001999999999998967,withheld-source-d23d0c1a0815f87339ab,withheld-source-07c3ae3673e23b0be4bc,policy-rate nominal 20Hz; use sim_time_s,max_t sum_j abs(tau_j*omega_j); five commanded joints,entire observed episode including followup when successful,False
H1,record-dbb1ff811b79be56,rgb,2,front,930009,1030009,False,max_steps,2000,1261.531,0.20000000000000015,100.20199999994787,100.00199999994834,50001,,,0.0,False,846.110746218732,855.7738188915234,865.4368915643114,2139.0575572096973,846.1107517661487,855.7739088090617,865.4370658519581,2120d7dfd4053cb1d87a28177117e01e5fea953fb2d24076eba47a877f9d3f56,1952cb0096eb854f1f7db24dc19e27344ebcc2769b3e41b61aaf29df78d545a9,9a464f839caf3171d1e4b0394afcb232d9cd5cf2907f61e7467bfad2c38b8380,env930009,0.001999999999998967,withheld-source-d23d0c1a0815f87339ab,withheld-source-9231c3d1f5e9e894eeb4,policy-rate nominal 20Hz; use sim_time_s,max_t sum_j abs(tau_j*omega_j); five commanded joints,entire observed episode including followup when successful,False
H1,record-dbb1ff811b79be56,rgb,2,front,930010,1030010,False,max_steps,2000,1271.235,0.20000000000000015,100.20199999994787,100.00199999994834,50001,,,0.0,False,278.6727297517665,282.57823997200467,286.48375019227126,70.76727852831546,278.67273762893524,282.57836325311206,286.4839888772872,96693d4f3bb633c6b3bb3dff33ba03eec595df7b7608c0cad27862aa624efebc,1952cb0096eb854f1f7db24dc19e27344ebcc2769b3e41b61aaf29df78d545a9,e087105ae59e6038b2fdd1456f2860caf5e29ec9bd9c9600e56023f9caf0b08e,env930010,0.001999999999998967,withheld-source-d23d0c1a0815f87339ab,withheld-source-28d27bf54574e393e1b6,policy-rate nominal 20Hz; use sim_time_s,max_t sum_j abs(tau_j*omega_j); five commanded joints,entire observed episode including followup when successful,False
H1,record-dbb1ff811b79be56,rgb,2,front,930011,1030011,True,dwell_complete,1899,1214.528,0.20000000000000015,95.15199999995964,94.95199999996011,47476,93.11999999996438,1859,2.0319999999952643,True,313.8206917398128,318.22349352598644,322.62629531217186,72.42608480831014,313.8206953842279,318.2235554477082,322.6264155111889,66354698c113c95251da0022dda42449eb5e3bf960bef24b39920fa4c0e6c313,1952cb0096eb854f1f7db24dc19e27344ebcc2769b3e41b61aaf29df78d545a9,cc02328f070971a7fc77051d8977389cbaef73b54710db8baa732fa105f44cce,env930011,0.0019999999999991596,withheld-source-d23d0c1a0815f87339ab,withheld-source-ff054178003c2d000a1f,policy-rate nominal 20Hz; use sim_time_s,max_t sum_j abs(tau_j*omega_j); five commanded joints,entire observed episode including followup when successful,False
H1,record-748f15eb09b1cea1,depth,2,front,930007,1030007,True,dwell_complete,524,340.291,0.20000000000000015,26.401999999996246,26.201999999996357,13101,24.387999999997362,484,2.013999999998884,True,270.0685044434773,272.4910797901832,274.9136551368886,73.3412648777106,270.0685049247989,272.49108911535507,274.9136733059104,ef98bbb4363e1b38fd0edad54d1223c731dbc10cf6b6548bc7c50b10f176db3d,8bd93d8d8a96e4d6c2260218373fea7747143158b6fd5601434dff03b73d73a9,41a0d32b21790aeb777c98e72c3baf6129004c9c0bb2adaa4df225741a4f4244,env930007,0.001999999999999722,withheld-source-ae518ba82aee80b49394,withheld-source-95a5707383b671517472,policy-rate nominal 20Hz; use sim_time_s,max_t sum_j abs(tau_j*omega_j); five commanded joints,entire observed episode including followup when successful,False
H1,record-748f15eb09b1cea1,depth,2,front,930008,1030008,True,dwell_complete,985,634.219,0.20000000000000015,49.45200000001447,49.25200000001423,24626,47.40600000001197,945,2.0460000000025005,True,286.6360258107029,290.549922640375,294.4638194700488,77.87855060805381,286.63602680376476,290.54994625123925,294.46386569871106,2497caa0fe53d04c795cf0fb578af4068180ae9febf59bff850ddf85d28b0d33,8bd93d8d8a96e4d6c2260218373fea7747143158b6fd5601434dff03b73d73a9,f3a04ddefc848658683e66c54befd656403fb22d7682319a74ed3b68de132ac3,env930008,0.0020000000000005777,withheld-source-ae518ba82aee80b49394,withheld-source-957cb8dd52943f1ed6f5,policy-rate nominal 20Hz; use sim_time_s,max_t sum_j abs(tau_j*omega_j); five commanded joints,entire observed episode including followup when successful,False
H1,record-748f15eb09b1cea1,depth,2,front,930009,1030009,True,dwell_complete,490,316.561,0.20000000000000015,24.701999999997188,24.5019999999973,12251,22.6939999999983,450,2.007999999998887,True,270.3422733514737,273.43653948228535,276.53080561310185,76.15206691851776,270.34227365657495,273.43654588927734,276.53081812197706,2120d7dfd4053cb1d87a28177117e01e5fea953fb2d24076eba47a877f9d3f56,8bd93d8d8a96e4d6c2260218373fea7747143158b6fd5601434dff03b73d73a9,6a79c1abd8f0178fe65623524e899190927389a8fe4ff3c674ee3b908e1fef99,env930009,0.0019999999999997793,withheld-source-ae518ba82aee80b49394,withheld-source-661f3796c1a67769f5eb,policy-rate nominal 20Hz; use sim_time_s,max_t sum_j abs(tau_j*omega_j); five commanded joints,entire observed episode including followup when successful,False
H1,record-748f15eb09b1cea1,depth,2,front,930010,1030010,True,dwell_complete,335,216.685,0.20000000000000015,16.952000000001483,16.752000000001594,8376,14.91200000000165,295,2.039999999999834,True,277.5941644895868,279.89112806370304,282.18809163781964,87.55390841329036,277.5941645304896,279.89112854784577,282.18809256520063,96693d4f3bb633c6b3bb3dff33ba03eec595df7b7608c0cad27862aa624efebc,8bd93d8d8a96e4d6c2260218373fea7747143158b6fd5601434dff03b73d73a9,d3926930fae1c3a6d50e610bc1b8bd50c5a2f0bbfb16aeab66d9df41111c75a4,env930010,0.0020000000000001904,withheld-source-ae518ba82aee80b49394,withheld-source-e46157c4d5bacaf4d7fe,policy-rate nominal 20Hz; use sim_time_s,max_t sum_j abs(tau_j*omega_j); five commanded joints,entire observed episode including followup when successful,False
H1,record-748f15eb09b1cea1,depth,2,front,930011,1030011,True,dwell_complete,462,299.062,0.20000000000000015,23.301999999997964,23.101999999998075,11551,21.273999999999088,422,2.027999999998876,True,272.1623051265883,274.50462174403157,276.84693836147613,72.70686023507797,272.1623055107535,274.5046289165642,276.84695232237635,66354698c113c95251da0022dda42449eb5e3bf960bef24b39920fa4c0e6c313,8bd93d8d8a96e4d6c2260218373fea7747143158b6fd5601434dff03b73d73a9,8beae6230691c3f69db292f732992701db2242572576231d9b2e969c6032f62a,env930011,0.0019999999999998335,withheld-source-ae518ba82aee80b49394,withheld-source-69fce9bd88f402a02a67,policy-rate nominal 20Hz; use sim_time_s,max_t sum_j abs(tau_j*omega_j); five commanded joints,entire observed episode including followup when successful,False
H1,record-341d1008f9b88bd5,rgb,0,head,910008,1010008,True,dwell_complete,835,533.465,0.20000000000000015,41.952000000005306,41.75200000000506,20876,39.91200000000281,795,2.040000000002493,True,259.8060882236534,263.52708462609485,267.24808102853603,80.74322475961824,259.80608892122365,263.52709949108487,267.2481100609427,95afa894cae52cecd8d1ea13100da873722875da25bf8053f2d431347c8df560,3f0e8be1f39f5c1e2119b4160bf755ee036f8c5eda2862e86a95e67d543a350d,2e3d508189ed686904c1956d72f8bfe177a08db4747f974bd2ce430ef31a09e5,env910008,0.0020000000000002425,withheld-source-9ce9dd1b1bdd38852060,withheld-source-ad4a8234ff6044b44022,policy-rate nominal 20Hz; use sim_time_s,max_t sum_j abs(tau_j*omega_j); five commanded joints,entire observed episode including followup when successful,False
H1,record-341d1008f9b88bd5,rgb,0,head,910009,1010009,True,dwell_complete,720,464.983,0.20000000000000015,36.20199999999828,36.001999999998034,18001,34.16599999999579,680,2.0360000000024883,True,234.18668235302115,236.89598878863185,239.6052952242492,45.49077180043344,234.1866827609536,236.89599745556507,239.60531215017878,f892bb2e359ffc92d77e47ae7ac24a53d8a8f90cb67c61cc892032fefb2dc983,3f0e8be1f39f5c1e2119b4160bf755ee036f8c5eda2862e86a95e67d543a350d,38ade32c997223598f545ee73a973ab333d289e0fa6e430458960549511b5a17,env910009,0.0019999999999998908,withheld-source-9ce9dd1b1bdd38852060,withheld-source-91d202a74cf978b96d57,policy-rate nominal 20Hz; use sim_time_s,max_t sum_j abs(tau_j*omega_j); five commanded joints,entire observed episode including followup when successful,False
H1,record-341d1008f9b88bd5,rgb,0,head,910010,1010010,True,dwell_complete,1177,745.859,0.20000000000000015,59.052000000026204,58.85200000002596,29426,57.040000000023745,1137,2.012000000002459,True,279.44691075714684,284.2788946989898,289.1108786408298,59.793179323603724,279.446912122626,284.2789262830711,289.11094044351194,38d9d327c4b4a6d57208c5006f9000a18a5f1baf5c30293d0bb30974b3dd2c25,3f0e8be1f39f5c1e2119b4160bf755ee036f8c5eda2862e86a95e67d543a350d,1beeca847ab09494249177f2aa9080882c4ced9968f2d04f0c3628cc0ce279a9,env910010,0.002000000000000882,withheld-source-9ce9dd1b1bdd38852060,withheld-source-155035f5fb0e2d1e4e3d,policy-rate nominal 20Hz; use sim_time_s,max_t sum_j abs(tau_j*omega_j); five commanded joints,entire observed episode including followup when successful,False
H1,record-12ac5c04268d15e4,depth,0,head,910008,1010008,True,dwell_complete,1346,882.692,0.20000000000000015,67.50200000002408,67.30200000002455,33651,65.46200000002884,1306,2.0399999999952456,True,290.52248785402753,294.5412283399225,298.55996882582406,95.95752612916571,290.52248844443375,294.5412411935841,298.5599939427339,95afa894cae52cecd8d1ea13100da873722875da25bf8053f2d431347c8df560,4ccf152e2e08a3c91a2022d6e9f6cd71dd5edeb69e9e4ee120f42ffd45f3cf81,451554e5eb4eeac6ec47d44f7318942cb7f7ee1686ac9db053754b24454ef7d8,env910008,0.0020000000000007295,withheld-source-667340acfa83b3f01e94,withheld-source-435e570cb1923b8f013f,policy-rate nominal 20Hz; use sim_time_s,max_t sum_j abs(tau_j*omega_j); five commanded joints,entire observed episode including followup when successful,False
H1,record-12ac5c04268d15e4,depth,0,head,910009,1010009,True,dwell_complete,1145,756.318,0.20000000000000015,57.45200000002425,57.252000000024005,28626,55.42200000002177,1105,2.030000000002481,True,241.27914498995625,245.43982751943932,249.60051004892026,72.11729835373323,241.2791455765527,245.43983831942734,249.60053106230586,f892bb2e359ffc92d77e47ae7ac24a53d8a8f90cb67c61cc892032fefb2dc983,4ccf152e2e08a3c91a2022d6e9f6cd71dd5edeb69e9e4ee120f42ffd45f3cf81,5a153e6dec2d44efbec169a0b0762ad1bd52bc84953d28f21c916052b86ed50a,env910009,0.0020000000000008383,withheld-source-667340acfa83b3f01e94,withheld-source-6abf9abba8b45cd39440,policy-rate nominal 20Hz; use sim_time_s,max_t sum_j abs(tau_j*omega_j); five commanded joints,entire observed episode including followup when successful,False
H1,record-12ac5c04268d15e4,depth,0,head,910010,1010010,True,dwell_complete,1584,943.216,0.20000000000000015,79.40199999999635,79.20199999999681,39601,77.38000000000106,1544,2.0219999999952876,True,315.7652710349425,319.82166705084404,323.87806306677174,81.65109431817106,315.7652721442418,319.82169034260824,323.8781085409692,38d9d327c4b4a6d57208c5006f9000a18a5f1baf5c30293d0bb30974b3dd2c25,4ccf152e2e08a3c91a2022d6e9f6cd71dd5edeb69e9e4ee120f42ffd45f3cf81,5532617ca3d0240543adabecb90a0680109d638266ad69babe2e6af5c329da04,env910010,0.0019999999999999194,withheld-source-667340acfa83b3f01e94,withheld-source-162e5d09216cf75290b3,policy-rate nominal 20Hz; use sim_time_s,max_t sum_j abs(tau_j*omega_j); five commanded joints,entire observed episode including followup when successful,False
H1,record-98a3c8bf17a402ee,rgb,1,head,920008,1020008,False,max_steps,2000,1196.958,0.20000000000000015,100.20199999994787,100.00199999994834,50001,,,0.0,False,272.93965680148295,279.45479598098757,285.9699351605051,80.3376190416626,272.93965947603766,279.4548250857085,285.9699906953848,2a860fc20f5df74c5ce66dac0660c8e7c8e47818b739f0ad71a950e907c49bb6,bb415d715177cc98c69f65cbcd41425989f2ee06055139e688625932233de5a8,24a78b3872de355feb79ffa42aeec28ca05b389ee0348cfe3575d203c5c9f6cd,env920008,0.001999999999998967,withheld-source-fc336812423f694dd593,withheld-source-9efb93ef10988daffe55,policy-rate nominal 20Hz; use sim_time_s,max_t sum_j abs(tau_j*omega_j); five commanded joints,entire observed episode including followup when successful,False
H1,record-98a3c8bf17a402ee,rgb,1,head,920009,1020009,True,dwell_complete,591,343.122,0.20000000000000015,29.75199999999439,29.5519999999945,14776,27.7499999999955,551,2.0019999999988904,True,276.9221072235337,279.96820805578466,283.0143088880411,78.24734388177555,276.9221092280501,279.9682380225689,283.0143668170907,b0d57c1679a7f87c747f574ca8add17edf3dc3552c7314d2c7a257954acf7ebd,bb415d715177cc98c69f65cbcd41425989f2ee06055139e688625932233de5a8,b292fbfda9fc7a679d157bd92125ccbd259b351aebe9ce6379685560c4057173,env920009,0.001999999999999628,withheld-source-fc336812423f694dd593,withheld-source-60fa9ac38449c262aa81,policy-rate nominal 20Hz; use sim_time_s,max_t sum_j abs(tau_j*omega_j); five commanded joints,entire observed episode including followup when successful,False
H1,record-98a3c8bf17a402ee,rgb,1,head,920010,1020010,True,dwell_complete,480,279.394,0.20000000000000015,24.201999999997465,24.001999999997576,12001,22.19199999999858,440,2.009999999998886,True,282.14419426241136,284.57856779090616,287.0129413193988,71.17784964236321,282.14419432657576,284.57856867466757,287.0129430227595,468ac818a304fab88930c3fce97d24957ebdc6e5cb581b72b8a5e3b1001e8891,bb415d715177cc98c69f65cbcd41425989f2ee06055139e688625932233de5a8,ab8799047f4090b5e697fc0b80a214a6a6ba0c5f615e4b29aba3418393f51e62,env920010,0.001999999999999798,withheld-source-fc336812423f694dd593,withheld-source-e34b793712f02d65c33f,policy-rate nominal 20Hz; use sim_time_s,max_t sum_j abs(tau_j*omega_j); five commanded joints,entire observed episode including followup when successful,False
H1,record-d9952d82a003b214,depth,1,head,920008,1020008,True,dwell_complete,454,273.194,0.20000000000000015,22.901999999998186,22.701999999998296,11351,20.86999999999931,414,2.031999999998874,True,234.45230073009353,237.51302757022933,240.57375441036766,73.64269933799116,234.4523010455583,237.51303501430613,240.57376898305466,2a860fc20f5df74c5ce66dac0660c8e7c8e47818b739f0ad71a950e907c49bb6,fb494e5ac89a66eba5f7378fa57979240f73b8c2580f1ee763dc27f9983e820b,06e941d10bc1cc5f4c9caa3a3b4ed395c9d7c18690cb5b5a25ff5db535cfc4cf,env920008,0.00199999999999985,withheld-source-27a17ce7263d9624241e,withheld-source-bae864e4dbe55366a2f9,policy-rate nominal 20Hz; use sim_time_s,max_t sum_j abs(tau_j*omega_j); five commanded joints,entire observed episode including followup when successful,False
H1,record-d9952d82a003b214,depth,1,head,920009,1020009,True,dwell_complete,450,263.814,0.20000000000000015,22.701999999998296,22.501999999998407,11251,20.687999999999413,410,2.013999999998884,True,276.5689402298809,279.09139447120106,281.6138487125189,85.91310403568926,276.56894058801134,279.09140331543637,281.61386604286247,b0d57c1679a7f87c747f574ca8add17edf3dc3552c7314d2c7a257954acf7ebd,fb494e5ac89a66eba5f7378fa57979240f73b8c2580f1ee763dc27f9983e820b,d9b1bc9288ada458515b2348e06ba447940e0fa4434a7ffeb306cb007d2dabbe,env920009,0.0019999999999998582,withheld-source-27a17ce7263d9624241e,withheld-source-6d09a04a3bc6efff98bb,policy-rate nominal 20Hz; use sim_time_s,max_t sum_j abs(tau_j*omega_j); five commanded joints,entire observed episode including followup when successful,False
H1,record-d9952d82a003b214,depth,1,head,920010,1020010,True,dwell_complete,478,281.002,0.20000000000000015,24.10199999999752,23.90199999999763,11951,22.089999999998636,438,2.011999999998885,True,283.2833581088678,285.0730936334106,286.86282915795385,68.56367986156239,283.28335823716174,285.0730954445302,286.86283265189627,468ac818a304fab88930c3fce97d24957ebdc6e5cb581b72b8a5e3b1001e8891,fb494e5ac89a66eba5f7378fa57979240f73b8c2580f1ee763dc27f9983e820b,77db9483368a0ed7a6229cfca5bca5b1eb8c078c4c380b58ba3c325b2dfb1bc0,env920010,0.001999999999999802,withheld-source-27a17ce7263d9624241e,withheld-source-2432dd2f326f33e84cb8,policy-rate nominal 20Hz; use sim_time_s,max_t sum_j abs(tau_j*omega_j); five commanded joints,entire observed episode including followup when successful,False
H1,record-6ebacc3bf44484a6,rgb,2,head,930007,1030007,True,dwell_complete,465,272.603,0.20000000000000015,23.45199999999788,23.25199999999799,11626,21.41199999999901,425,2.0399999999988694,True,264.3923211144938,266.86855912045877,269.34479712642377,64.0203874743048,264.3923214409471,266.8685658742762,269.3448103076032,ef98bbb4363e1b38fd0edad54d1223c731dbc10cf6b6548bc7c50b10f176db3d,1952cb0096eb854f1f7db24dc19e27344ebcc2769b3e41b61aaf29df78d545a9,0f997e59afb616238fa846435976e47e082f15625f8d264dc79c66e8767756f9,env930007,0.0019999999999998274,withheld-source-98d36b6bb4f615d592ee,withheld-source-ea9e76bc300be319a458,policy-rate nominal 20Hz; use sim_time_s,max_t sum_j abs(tau_j*omega_j); five commanded joints,entire observed episode including followup when successful,False
H1,record-6ebacc3bf44484a6,rgb,2,head,930008,1030008,True,dwell_complete,621,360.422,0.20000000000000015,31.251999999993558,31.05199999999367,15526,29.201999999994694,580,2.049999999998864,True,276.8537656420553,279.9331294352249,283.0124932283961,57.43593533029254,276.8537660085885,279.9331346774357,283.012503346283,2497caa0fe53d04c795cf0fb578af4068180ae9febf59bff850ddf85d28b0d33,1952cb0096eb854f1f7db24dc19e27344ebcc2769b3e41b61aaf29df78d545a9,7532475fad718c2a0cf02efb146657c8a5304e1c2ad4e281ea7e2be59f268750,env930008,0.0019999999999995924,withheld-source-98d36b6bb4f615d592ee,withheld-source-dafab20704150362a32f,policy-rate nominal 20Hz; use sim_time_s,max_t sum_j abs(tau_j*omega_j); five commanded joints,entire observed episode including followup when successful,False
H1,record-6ebacc3bf44484a6,rgb,2,head,930009,1030009,False,max_steps,2000,1168.654,0.20000000000000015,100.20199999994787,100.00199999994834,50001,,,0.0,False,276.0470906790146,282.2848450670569,288.5225994550838,59.90023036719621,276.04709704148866,282.2849340319514,288.5227710224165,2120d7dfd4053cb1d87a28177117e01e5fea953fb2d24076eba47a877f9d3f56,1952cb0096eb854f1f7db24dc19e27344ebcc2769b3e41b61aaf29df78d545a9,c9e4ec846ded45e2607f6df0c9b353cbbb39697e99feaa75b23f3904038b068c,env930009,0.001999999999998967,withheld-source-98d36b6bb4f615d592ee,withheld-source-bf799a95fa2cc0502b58,policy-rate nominal 20Hz; use sim_time_s,max_t sum_j abs(tau_j*omega_j); five commanded joints,entire observed episode including followup when successful,False
H1,record-6ebacc3bf44484a6,rgb,2,head,930010,1030010,False,max_steps,2000,1171.657,0.20000000000000015,100.20199999994787,100.00199999994834,50001,,,0.0,False,297.711486947708,301.9480162755742,306.1845456034537,79.24024854198119,297.71148713030476,301.9480182773533,306.1845494244088,96693d4f3bb633c6b3bb3dff33ba03eec595df7b7608c0cad27862aa624efebc,1952cb0096eb854f1f7db24dc19e27344ebcc2769b3e41b61aaf29df78d545a9,72a5932063e9f827a030c233fd1bfc8bb17b6b14990d74e67a56e0528c2b8f1c,env930010,0.001999999999998967,withheld-source-98d36b6bb4f615d592ee,withheld-source-af2bbcec36e94705ec28,policy-rate nominal 20Hz; use sim_time_s,max_t sum_j abs(tau_j*omega_j); five commanded joints,entire observed episode including followup when successful,False
H1,record-6ebacc3bf44484a6,rgb,2,head,930011,1030011,True,dwell_complete,423,248.792,0.20000000000000015,21.351999999999045,21.151999999999155,10576,19.30600000000018,383,2.045999999998866,True,268.19621844729295,269.51779948759975,270.8393805279064,74.71326294894651,268.19621861781167,269.5178022685996,270.83938591938863,66354698c113c95251da0022dda42449eb5e3bf960bef24b39920fa4c0e6c313,1952cb0096eb854f1f7db24dc19e27344ebcc2769b3e41b61aaf29df78d545a9,1f1003f2c57b7a16346cd0d668b61e5e8e01a7831f32273a3924d1c790d9d324,env930011,0.0019999999999999202,withheld-source-98d36b6bb4f615d592ee,withheld-source-2af62506d77c9c431333,policy-rate nominal 20Hz; use sim_time_s,max_t sum_j abs(tau_j*omega_j); five commanded joints,entire observed episode including followup when successful,False
H1,record-4a47760e0941328e,depth,2,head,930007,1030007,True,dwell_complete,473,276.16,0.20000000000000015,23.85199999999766,23.65199999999777,11826,21.819999999998785,433,2.031999999998874,True,274.818092745512,276.98274197020146,279.14739119488814,84.55178643760397,274.8180931472753,276.98274932518336,279.14740550309085,ef98bbb4363e1b38fd0edad54d1223c731dbc10cf6b6548bc7c50b10f176db3d,8bd93d8d8a96e4d6c2260218373fea7747143158b6fd5601434dff03b73d73a9,33a2fde0f7bea598744ecfb092f2e6bd12424fbce54c288d2ed035f0de55eb2f,env930007,0.0019999999999998114,withheld-source-8d352e7cac844724e7ee,withheld-source-1f08c54fe8d034e9aa75,policy-rate nominal 20Hz; use sim_time_s,max_t sum_j abs(tau_j*omega_j); five commanded joints,entire observed episode including followup when successful,False
H1,record-4a47760e0941328e,depth,2,head,930008,1030008,True,dwell_complete,619,359.589,0.20000000000000015,31.151999999993613,30.951999999993724,15476,29.107999999994746,579,2.043999999998867,True,276.95963056110287,279.7156426964685,282.47165483183204,86.19529488917757,276.9596307186498,279.7156465156977,282.4716623127421,2497caa0fe53d04c795cf0fb578af4068180ae9febf59bff850ddf85d28b0d33,8bd93d8d8a96e4d6c2260218373fea7747143158b6fd5601434dff03b73d73a9,1ce00edf596af80bf59cbf84c8abec06860193d2c2e9f879d44c7b0344f5fd77,env930008,0.0019999999999995946,withheld-source-8d352e7cac844724e7ee,withheld-source-703ccbc724214a2bf112,policy-rate nominal 20Hz; use sim_time_s,max_t sum_j abs(tau_j*omega_j); five commanded joints,entire observed episode including followup when successful,False
H1,record-4a47760e0941328e,depth,2,head,930009,1030009,True,dwell_complete,357,209.328,0.20000000000000015,18.052000000000874,17.852000000000984,8926,16.03800000000199,317,2.013999999998884,True,259.8844601696532,262.98969322154716,266.0949262734413,87.5273595221368,259.8844605772842,262.98969573554825,266.09493089381243,2120d7dfd4053cb1d87a28177117e01e5fea953fb2d24076eba47a877f9d3f56,8bd93d8d8a96e4d6c2260218373fea7747143158b6fd5601434dff03b73d73a9,ad36f4ea9c5b074e94f209c6a1b627eabd53b81814a24ca1799b2099a68e7c60,env930009,0.00200000000000011,withheld-source-8d352e7cac844724e7ee,withheld-source-3512d4ceec4d23a73a15,policy-rate nominal 20Hz; use sim_time_s,max_t sum_j abs(tau_j*omega_j); five commanded joints,entire observed episode including followup when successful,False
H1,record-4a47760e0941328e,depth,2,head,930010,1030010,True,dwell_complete,311,181.295,0.20000000000000015,15.75200000000193,15.552000000001863,7776,13.710000000001248,271,2.042000000000682,True,265.5750240220292,267.3132946418595,269.0515652616902,84.75826489201783,265.57502404663796,267.3132949317757,269.0515658169125,96693d4f3bb633c6b3bb3dff33ba03eec595df7b7608c0cad27862aa624efebc,8bd93d8d8a96e4d6c2260218373fea7747143158b6fd5601434dff03b73d73a9,0e0a1966f054e24ef9e7b0f5991c3a8a937a106b26071bf6b0872cc5f3f0801f,env930010,0.0020000000000002394,withheld-source-8d352e7cac844724e7ee,withheld-source-65963f740205a985749e,policy-rate nominal 20Hz; use sim_time_s,max_t sum_j abs(tau_j*omega_j); five commanded joints,entire observed episode including followup when successful,False
H1,record-4a47760e0941328e,depth,2,head,930011,1030011,True,dwell_complete,365,214.031,0.20000000000000015,18.452000000000652,18.252000000000763,9126,16.438000000001768,325,2.013999999998884,True,260.65296425783583,262.54196191341424,264.4309595689944,69.86302573883235,260.6529642796284,262.5419621525055,264.430960025382,66354698c113c95251da0022dda42449eb5e3bf960bef24b39920fa4c0e6c313,8bd93d8d8a96e4d6c2260218373fea7747143158b6fd5601434dff03b73d73a9,8e9950363109c4f1f4fd908d1265a0a726671136b301d7325f882c86c8410d62,env930011,0.0020000000000000837,withheld-source-8d352e7cac844724e7ee,withheld-source-7beeb509d2a5770cdbc4,policy-rate nominal 20Hz; use sim_time_s,max_t sum_j abs(tau_j*omega_j); five commanded joints,entire observed episode including followup when successful,False
H1,record-ae8374fa90323f54,rgb,0,side,910008,1010008,True,dwell_complete,545,319.426,0.20000000000000015,27.451999999995664,27.251999999995775,13626,25.41799999999679,505,2.0339999999988727,True,251.03971307243128,253.851267257686,256.66282144294144,72.6849027403992,251.03971360175615,253.8512773292883,256.6628410568204,95afa894cae52cecd8d1ea13100da873722875da25bf8053f2d431347c8df560,3f0e8be1f39f5c1e2119b4160bf755ee036f8c5eda2862e86a95e67d543a350d,ec44994f2dfb814fbaa5a2910c251c8e20b09df1aee8866351a48c2f6c05535d,env910008,0.00199999999999969,withheld-source-b411b3286e1dfa6d7f5f,withheld-source-1f3ae1018e179f8fdad5,policy-rate nominal 20Hz; use sim_time_s,max_t sum_j abs(tau_j*omega_j); five commanded joints,entire observed episode including followup when successful,False
H1,record-ae8374fa90323f54,rgb,0,side,910009,1010009,True,dwell_complete,500,297.764,0.20000000000000015,25.20199999999691,25.00199999999702,12501,23.189999999998026,460,2.011999999998885,True,241.4851200391611,243.17503193551565,244.86494383187082,72.93819863352999,241.48512053297756,243.1750427438482,244.86496495471667,f892bb2e359ffc92d77e47ae7ac24a53d8a8f90cb67c61cc892032fefb2dc983,3f0e8be1f39f5c1e2119b4160bf755ee036f8c5eda2862e86a95e67d543a350d,aa63190681010ecf8d42c71a04886bbda52348ac388700137d863f5a00b87fda,env910009,0.001999999999999762,withheld-source-b411b3286e1dfa6d7f5f,withheld-source-b148a3f1b9254af2b2b3,policy-rate nominal 20Hz; use sim_time_s,max_t sum_j abs(tau_j*omega_j); five commanded joints,entire observed episode including followup when successful,False
H1,record-ae8374fa90323f54,rgb,0,side,910010,1010010,True,dwell_complete,467,272.746,0.20000000000000015,23.551999999997825,23.351999999997936,11676,21.533999999998944,427,2.0179999999988816,True,288.64073190116585,290.88403296461775,293.12733402807106,79.61749380803575,288.6407324260928,290.88404465022273,293.12735687435173,38d9d327c4b4a6d57208c5006f9000a18a5f1baf5c30293d0bb30974b3dd2c25,3f0e8be1f39f5c1e2119b4160bf755ee036f8c5eda2862e86a95e67d543a350d,a1fccac258b22f737a5cb467b52eef5ace8e6e62e5678396994b2cd36aa3d666,env910010,0.001999999999999823,withheld-source-b411b3286e1dfa6d7f5f,withheld-source-cf617c8a76c0edb9b775,policy-rate nominal 20Hz; use sim_time_s,max_t sum_j abs(tau_j*omega_j); five commanded joints,entire observed episode including followup when successful,False
H1,record-5d161b3d917af008,depth,0,side,910008,1010008,True,dwell_complete,425,251.16,0.20000000000000015,21.45199999999899,21.2519999999991,10626,19.416000000000118,385,2.0359999999988716,True,255.86538071086224,257.8146042198935,259.7638277289227,80.65272012518112,255.86538110125161,257.8146122257544,259.7638433502554,95afa894cae52cecd8d1ea13100da873722875da25bf8053f2d431347c8df560,4ccf152e2e08a3c91a2022d6e9f6cd71dd5edeb69e9e4ee120f42ffd45f3cf81,2dae730283e7c714461d1df90977ee3728e2888b8f3895f1e81c54cea3f873f8,env910008,0.0019999999999999155,withheld-source-0ef1b81a1d7402d8ab64,withheld-source-cf729bdaed788159033e,policy-rate nominal 20Hz; use sim_time_s,max_t sum_j abs(tau_j*omega_j); five commanded joints,entire observed episode including followup when successful,False
H1,record-5d161b3d917af008,depth,0,side,910009,1010009,True,dwell_complete,499,300.449,0.20000000000000015,25.15199999999694,24.95199999999705,12476,23.10999999999807,459,2.0419999999988683,True,258.729725514056,260.66163772270255,262.5935499313503,80.52822554868206,258.72972567546424,260.66164142181464,262.5935571681638,f892bb2e359ffc92d77e47ae7ac24a53d8a8f90cb67c61cc892032fefb2dc983,4ccf152e2e08a3c91a2022d6e9f6cd71dd5edeb69e9e4ee120f42ffd45f3cf81,c8fc2dae613173af18d576938722a134ef03ad3db5ee6c2223d6433a95a02e28,env910009,0.0019999999999997637,withheld-source-0ef1b81a1d7402d8ab64,withheld-source-781c0ea8e7c11317c62b,policy-rate nominal 20Hz; use sim_time_s,max_t sum_j abs(tau_j*omega_j); five commanded joints,entire observed episode including followup when successful,False
H1,record-5d161b3d917af008,depth,0,side,910010,1010010,True,dwell_complete,535,311.811,0.20000000000000015,26.95199999999594,26.751999999996052,13376,24.941999999997055,495,2.009999999998886,True,308.8554853526,310.800026482753,312.7445676129032,80.62778125468989,308.85548566506515,310.8000332082665,312.74458075146435,38d9d327c4b4a6d57208c5006f9000a18a5f1baf5c30293d0bb30974b3dd2c25,4ccf152e2e08a3c91a2022d6e9f6cd71dd5edeb69e9e4ee120f42ffd45f3cf81,4ba1ced019ff5fb6a23c3f8105d647893168dc9d2469f7896f68c05c5e5fd239,env910010,0.0019999999999997047,withheld-source-0ef1b81a1d7402d8ab64,withheld-source-5f76aa2f1de43c4d8946,policy-rate nominal 20Hz; use sim_time_s,max_t sum_j abs(tau_j*omega_j); five commanded joints,entire observed episode including followup when successful,False
H1,record-27ed133671e42adc,rgb,1,side,920008,1020008,True,dwell_complete,657,393.927,0.20000000000000015,33.05199999999443,32.851999999994185,16426,31.039999999993675,617,2.0120000000007536,True,251.61217926374093,255.14590821568092,258.6796371676209,73.61159528274965,251.6121806172297,255.14593505481645,258.6796894924024,2a860fc20f5df74c5ce66dac0660c8e7c8e47818b739f0ad71a950e907c49bb6,bb415d715177cc98c69f65cbcd41425989f2ee06055139e688625932233de5a8,19753f40362afa1ff9e6d7802190f6107c4f40e2bf8c3e4faa2417fdf2142e51,env920008,0.001999999999999646,withheld-source-62679d64facbf3f07c1f,withheld-source-9984c1318209feb7f079,policy-rate nominal 20Hz; use sim_time_s,max_t sum_j abs(tau_j*omega_j); five commanded joints,entire observed episode including followup when successful,False
H1,record-27ed133671e42adc,rgb,1,side,920009,1020009,True,dwell_complete,735,429.399,0.20000000000000015,36.951999999999195,36.75199999999895,18376,34.9099999999967,695,2.0420000000024956,True,278.4328526823738,281.0280523653454,283.62325204831984,76.20968394159216,278.4328544745168,281.0280910026836,283.6233275308544,b0d57c1679a7f87c747f574ca8add17edf3dc3552c7314d2c7a257954acf7ebd,bb415d715177cc98c69f65cbcd41425989f2ee06055139e688625932233de5a8,b7977fb0c960173a17e9878aa053512284858fd81e25ae09fc78942a0c2f93cc,env920009,0.001999999999999943,withheld-source-62679d64facbf3f07c1f,withheld-source-9d9ce9bffb1f48f6aeb6,policy-rate nominal 20Hz; use sim_time_s,max_t sum_j abs(tau_j*omega_j); five commanded joints,entire observed episode including followup when successful,False
H1,record-27ed133671e42adc,rgb,1,side,920010,1020010,True,dwell_complete,557,324.031,0.20000000000000015,28.05199999999533,27.851999999995442,13926,26.01599999999646,517,2.0359999999988716,True,279.03475505294955,281.6510547423873,284.2673544318258,77.80428049536802,279.0347556081145,281.6510698312969,284.26738405447935,468ac818a304fab88930c3fce97d24957ebdc6e5cb581b72b8a5e3b1001e8891,bb415d715177cc98c69f65cbcd41425989f2ee06055139e688625932233de5a8,e7bf5df76652fd5e8b8f44f049719b5e1c5eb51955d30dc6b0acde8c4f1ba00b,env920010,0.0019999999999996726,withheld-source-62679d64facbf3f07c1f,withheld-source-81cd93a902fabecf26f0,policy-rate nominal 20Hz; use sim_time_s,max_t sum_j abs(tau_j*omega_j); five commanded joints,entire observed episode including followup when successful,False
H1,record-ecb8618c836aa637,depth,1,side,920008,1020008,True,dwell_complete,353,213.112,0.20000000000000015,17.852000000000984,17.652000000001095,8826,15.818000000001952,313,2.0339999999990326,True,255.6443770929706,257.17959251390425,258.7148079348369,80.38617749601565,255.64437731272977,257.17959744896797,258.7148175852058,2a860fc20f5df74c5ce66dac0660c8e7c8e47818b739f0ad71a950e907c49bb6,fb494e5ac89a66eba5f7378fa57979240f73b8c2580f1ee763dc27f9983e820b,d9b027c4cc4da0de59ccb9422b21eee258d5573316892a79623d028452df8ee3,env920008,0.002000000000000124,withheld-source-dac557d36abfc52f3dc1,withheld-source-932c7c814b835135869d,policy-rate nominal 20Hz; use sim_time_s,max_t sum_j abs(tau_j*omega_j); five commanded joints,entire observed episode including followup when successful,False
H1,record-ecb8618c836aa637,depth,1,side,920009,1020009,True,dwell_complete,400,234.787,0.20000000000000015,20.201999999999682,20.001999999999793,10001,18.170000000000808,360,2.031999999998874,True,272.3567433311262,273.75296373254366,275.14918413396117,71.62863850798443,272.35674380948683,273.75297085226896,275.14919789505115,b0d57c1679a7f87c747f574ca8add17edf3dc3552c7314d2c7a257954acf7ebd,fb494e5ac89a66eba5f7378fa57979240f73b8c2580f1ee763dc27f9983e820b,6f0f5f78f14209140d46225622445b0b8560fd47602b0502b99e6c5e78ff265d,env920009,0.0019999999999999792,withheld-source-dac557d36abfc52f3dc1,withheld-source-8e6bb8e27999de26e719,policy-rate nominal 20Hz; use sim_time_s,max_t sum_j abs(tau_j*omega_j); five commanded joints,entire observed episode including followup when successful,False
H1,record-ecb8618c836aa637,depth,1,side,920010,1020010,True,dwell_complete,310,182.491,0.20000000000000015,15.702000000001913,15.502000000001846,7751,13.65600000000123,270,2.0460000000006833,True,284.3119306350331,285.63224117622997,286.952551717426,77.73030771065648,284.31193070985915,285.6322420014143,286.95255329296833,468ac818a304fab88930c3fce97d24957ebdc6e5cb581b72b8a5e3b1001e8891,fb494e5ac89a66eba5f7378fa57979240f73b8c2580f1ee763dc27f9983e820b,d4bc573a067de529eb8751a5573b6de9e924b68679dbe0ad785933a754addc90,env920010,0.002000000000000238,withheld-source-dac557d36abfc52f3dc1,withheld-source-e0df2a01c9821efdbc09,policy-rate nominal 20Hz; use sim_time_s,max_t sum_j abs(tau_j*omega_j); five commanded joints,entire observed episode including followup when successful,False
H1,record-a5d3e7dbba96d207,rgb,2,side,930007,1030007,True,dwell_complete,571,334.201,0.20000000000000015,28.751999999994943,28.551999999995054,14276,26.713999999996073,531,2.0379999999988705,True,268.82122944186574,271.90493031475256,274.98863118764257,65.65491685443627,268.82123034872706,271.90494725812306,274.9886641675187,ef98bbb4363e1b38fd0edad54d1223c731dbc10cf6b6548bc7c50b10f176db3d,1952cb0096eb854f1f7db24dc19e27344ebcc2769b3e41b61aaf29df78d545a9,c6f8e336a9ee11d03644d139b365e0406d8121f8c337050433083def5f4c6943,env930007,0.0019999999999996535,withheld-source-0ed46de8577a301fe545,withheld-source-7205f45a4e518ea594d3,policy-rate nominal 20Hz; use sim_time_s,max_t sum_j abs(tau_j*omega_j); five commanded joints,entire observed episode including followup when successful,False
H1,record-a5d3e7dbba96d207,rgb,2,side,930008,1030008,True,dwell_complete,977,567.182,0.20000000000000015,49.05200000001398,48.85200000001374,24426,47.0200000000115,937,2.0320000000024834,True,271.644516700955,275.69576856661035,279.747020432269,52.95754076546481,271.6445177719526,275.69579327979864,279.74706878764397,2497caa0fe53d04c795cf0fb578af4068180ae9febf59bff850ddf85d28b0d33,1952cb0096eb854f1f7db24dc19e27344ebcc2769b3e41b61aaf29df78d545a9,42d5b32094052bf4c07e884fad844217d176603a2c5c64847e0a064d55a17426,env930008,0.0020000000000005625,withheld-source-0ed46de8577a301fe545,withheld-source-c0cc3b2954fb1dea0ebb,policy-rate nominal 20Hz; use sim_time_s,max_t sum_j abs(tau_j*omega_j); five commanded joints,entire observed episode including followup when successful,False
H1,record-a5d3e7dbba96d207,rgb,2,side,930009,1030009,True,dwell_complete,498,289.484,0.20000000000000015,25.101999999996966,24.901999999997077,12451,23.077999999998088,458,2.0239999999988783,True,258.6162619877758,261.6547694981949,264.6932770086149,64.38212835638649,258.61626245371093,261.6547758827491,264.693289311786,2120d7dfd4053cb1d87a28177117e01e5fea953fb2d24076eba47a877f9d3f56,1952cb0096eb854f1f7db24dc19e27344ebcc2769b3e41b61aaf29df78d545a9,d2f59884a362a2bd824e2d3e4ab9e29a4a58a1e453c804fdcaa2df80756297d4,env930009,0.0019999999999997654,withheld-source-0ed46de8577a301fe545,withheld-source-002d7d94614a6ef800ba,policy-rate nominal 20Hz; use sim_time_s,max_t sum_j abs(tau_j*omega_j); five commanded joints,entire observed episode including followup when successful,False
H1,record-a5d3e7dbba96d207,rgb,2,side,930010,1030010,False,max_steps,2000,1170.523,0.20000000000000015,100.20199999994787,100.00199999994834,50001,,,0.0,False,304.4164089554014,307.94112958500034,311.46585021460083,75.12325437126509,304.41640963622825,307.94113724131296,311.46586484639835,96693d4f3bb633c6b3bb3dff33ba03eec595df7b7608c0cad27862aa624efebc,1952cb0096eb854f1f7db24dc19e27344ebcc2769b3e41b61aaf29df78d545a9,05480abd89fa58b225257e1409b96924d993fac4b279ba94c448e697157e7a8f,env930010,0.001999999999998967,withheld-source-0ed46de8577a301fe545,withheld-source-2e9cf6ae71d3a520ef89,policy-rate nominal 20Hz; use sim_time_s,max_t sum_j abs(tau_j*omega_j); five commanded joints,entire observed episode including followup when successful,False
H1,record-a5d3e7dbba96d207,rgb,2,side,930011,1030011,True,dwell_complete,642,373.815,0.20000000000000015,32.30199999999351,32.10199999999327,16051,30.263999999994105,602,2.037999999999407,True,277.6604117343873,280.07067968252613,282.48094763066894,71.9838657030499,277.6604125380479,280.0706945518349,282.4809765656189,66354698c113c95251da0022dda42449eb5e3bf960bef24b39920fa4c0e6c313,1952cb0096eb854f1f7db24dc19e27344ebcc2769b3e41b61aaf29df78d545a9,952fc56c41c64f3d7a4b6a186592cd07ca3c6aa18f1b347ae010ca9bc69d046c,env930011,0.0019999999999995807,withheld-source-0ed46de8577a301fe545,withheld-source-7ac29760fe1ee900d3a1,policy-rate nominal 20Hz; use sim_time_s,max_t sum_j abs(tau_j*omega_j); five commanded joints,entire observed episode including followup when successful,False
H1,record-eef6c82761be8e6d,depth,2,side,930007,1030007,True,dwell_complete,413,242.081,0.20000000000000015,20.85199999999932,20.651999999999433,10326,18.840000000000437,373,2.011999999998885,True,271.0412364464487,273.70755259807055,276.37386874969496,68.44655543476867,271.04123751152,273.7075662759583,276.3738950403964,ef98bbb4363e1b38fd0edad54d1223c731dbc10cf6b6548bc7c50b10f176db3d,8bd93d8d8a96e4d6c2260218373fea7747143158b6fd5601434dff03b73d73a9,0f030081852b7bbbc53506c2ffd3e0d518d771474f649da0a659bb6a3e25fb55,env930007,0.001999999999999945,withheld-source-6b29759033cf22920080,withheld-source-c6d649382eaf38a4d9e4,policy-rate nominal 20Hz; use sim_time_s,max_t sum_j abs(tau_j*omega_j); five commanded joints,entire observed episode including followup when successful,False
H1,record-eef6c82761be8e6d,depth,2,side,930008,1030008,True,dwell_complete,956,556.477,0.20000000000000015,48.0020000000127,47.802000000012455,23901,45.9540000000102,915,2.048000000002503,True,291.70138365709334,295.4882560111745,299.27512836525955,77.86755464476028,291.70138483872756,295.4882811184887,299.27517739825186,2497caa0fe53d04c795cf0fb578af4068180ae9febf59bff850ddf85d28b0d33,8bd93d8d8a96e4d6c2260218373fea7747143158b6fd5601434dff03b73d73a9,a43b2448362d820fd51b401340378ab39cf493232aee8c34d21f7b1e3872d8ac,env930008,0.0020000000000005213,withheld-source-6b29759033cf22920080,withheld-source-f8e7f7823402f7c5caf0,policy-rate nominal 20Hz; use sim_time_s,max_t sum_j abs(tau_j*omega_j); five commanded joints,entire observed episode including followup when successful,False
H1,record-eef6c82761be8e6d,depth,2,side,930009,1030009,True,dwell_complete,497,291.5,0.20000000000000015,25.051999999996994,24.851999999997105,12426,23.005999999998128,457,2.045999999998866,True,265.8514048100509,269.0541890268869,272.25697324372845,78.86802694770701,265.8514059643719,269.0542021882632,272.2569984121557,2120d7dfd4053cb1d87a28177117e01e5fea953fb2d24076eba47a877f9d3f56,8bd93d8d8a96e4d6c2260218373fea7747143158b6fd5601434dff03b73d73a9,3144ade1c2fa40cc1dd3158dface91bd809a46bc3df2f482ae28e09b5715b66e,env930009,0.001999999999999767,withheld-source-6b29759033cf22920080,withheld-source-58d6f1a0174f9a114a47,policy-rate nominal 20Hz; use sim_time_s,max_t sum_j abs(tau_j*omega_j); five commanded joints,entire observed episode including followup when successful,False
H1,record-eef6c82761be8e6d,depth,2,side,930010,1030010,True,dwell_complete,607,356.779,0.20000000000000015,30.551999999993946,30.351999999994057,15176,28.501999999995082,566,2.049999999998864,True,264.71742208349923,267.3027393025954,269.88805652169225,75.24784393612518,264.71742322621554,267.3027608500936,269.8880984739744,96693d4f3bb633c6b3bb3dff33ba03eec595df7b7608c0cad27862aa624efebc,8bd93d8d8a96e4d6c2260218373fea7747143158b6fd5601434dff03b73d73a9,124943a571e545b89c38feb09ecb1af15c325a0d1992433a07bce2aba7855339,env930010,0.0019999999999996084,withheld-source-6b29759033cf22920080,withheld-source-b8c29b9153a5b859a987,policy-rate nominal 20Hz; use sim_time_s,max_t sum_j abs(tau_j*omega_j); five commanded joints,entire observed episode including followup when successful,False
H1,record-eef6c82761be8e6d,depth,2,side,930011,1030011,True,dwell_complete,759,443.239,0.20000000000000015,38.15200000000066,37.95200000000042,18976,36.14399999999821,719,2.008000000002454,True,276.6709652537662,279.67993621375547,282.68890717374524,72.47806549415887,276.67096665778143,279.67996767117904,282.6889686845783,66354698c113c95251da0022dda42449eb5e3bf960bef24b39920fa4c0e6c313,8bd93d8d8a96e4d6c2260218373fea7747143158b6fd5601434dff03b73d73a9,c3047333521b8c479bd537bdcb9127c1d072476020bebde2b33f32c786b60f46,env930011,0.002000000000000022,withheld-source-6b29759033cf22920080,withheld-source-ea694ebcfd298d15dc8d,policy-rate nominal 20Hz; use sim_time_s,max_t sum_j abs(tau_j*omega_j); five commanded joints,entire observed episode including followup when successful,False
H1,record-5458bb0ad9920050,rgb,2,none,930012,1030012,True,dwell_complete,788,461.933,0.20000000000000015,39.602000000002434,39.40200000000219,19701,37.56799999999995,748,2.034000000002486,True,274.84794802875757,279.44717445229253,284.0464008758278,63.608028339228476,274.84794867683263,279.4471892231378,284.04642976944496,9cf134d267a0a040c8cad21857ff8818287a7b3ce327df35d50edc758e05d062,1952cb0096eb854f1f7db24dc19e27344ebcc2769b3e41b61aaf29df78d545a9,7e4931d9a26987fd574c068f0d8930bda3025784b951faaea500d55cb6e51f9b,env930012,0.002000000000000111,withheld-source-6b86571d234e280b6ab1,withheld-source-af61307923f24fb074eb,policy-rate nominal 20Hz; use sim_time_s,max_t sum_j abs(tau_j*omega_j); five commanded joints,entire observed episode including followup when successful,False
H1,record-62da7dcb20e83044,depth,2,none,930012,1030012,True,dwell_complete,581,345.195,0.20000000000000015,29.251999999994666,29.051999999994777,14526,27.22599999999579,541,2.025999999998877,True,255.95661997982808,259.9851088099433,264.0135976400594,67.63977856908535,255.95662109964442,259.9851249549619,264.01362881027944,9cf134d267a0a040c8cad21857ff8818287a7b3ce327df35d50edc758e05d062,8bd93d8d8a96e4d6c2260218373fea7747143158b6fd5601434dff03b73d73a9,f3bd93993232930247c71fded7b704e4f28d395a85c85b247aa540623a7a172f,env930012,0.0019999999999996405,withheld-source-12c99457a03a4e27b2fe,withheld-source-f82351973a46a40691e6,policy-rate nominal 20Hz; use sim_time_s,max_t sum_j abs(tau_j*omega_j); five commanded joints,entire observed episode including followup when successful,False
H1,record-45413c55356cdb75,rgb,2,top,930012,1030012,True,dwell_complete,821,480.977,0.20000000000000015,41.25200000000445,41.052000000004206,20526,39.22000000000197,781,2.0320000000024834,True,278.617554553193,282.8396200315959,287.06168551000366,68.38717128897324,278.61755489345427,282.8396278021731,287.06170071090054,9cf134d267a0a040c8cad21857ff8818287a7b3ce327df35d50edc758e05d062,1952cb0096eb854f1f7db24dc19e27344ebcc2769b3e41b61aaf29df78d545a9,46ab5ec31c60814bb2b2717ae6575ba4ea39bbfef3cdafebba7d55b643fe8160,env930012,0.0020000000000002047,withheld-source-8eebfc81367527f02960,withheld-source-551d891a6d28d2f04ab9,policy-rate nominal 20Hz; use sim_time_s,max_t sum_j abs(tau_j*omega_j); five commanded joints,entire observed episode including followup when successful,False
H1,record-14c1dbf20ebb0116,depth,2,top,930012,1030012,True,dwell_complete,697,410.454,0.20000000000000015,35.05199999999687,34.85199999999663,17426,33.039999999994414,657,2.012000000002459,True,255.3223775398253,258.11748009779063,260.91258265575914,62.15748715082389,255.3223801360703,258.11751560062856,260.9126510651903,9cf134d267a0a040c8cad21857ff8818287a7b3ce327df35d50edc758e05d062,8bd93d8d8a96e4d6c2260218373fea7747143158b6fd5601434dff03b73d73a9,f882dfda92848b6428a11cf13e0e457ddfc08a9b0929e745a56a4ee4a70efd35,env930012,0.0019999999999998066,withheld-source-a0bd5305f0bd8ac8cc87,withheld-source-eccb40339f7f08170bf0,policy-rate nominal 20Hz; use sim_time_s,max_t sum_j abs(tau_j*omega_j); five commanded joints,entire observed episode including followup when successful,False
H1,record-e8c714da3d8aa59e,rgb,2,front,930012,1030012,False,max_steps,2000,1174.97,0.20000000000000015,100.20199999994787,100.00199999994834,50001,,,0.0,False,326.3600854544659,335.023472801557,343.6868601486433,70.0504099904958,326.36008745412755,335.02351027804633,343.6869331019837,9cf134d267a0a040c8cad21857ff8818287a7b3ce327df35d50edc758e05d062,1952cb0096eb854f1f7db24dc19e27344ebcc2769b3e41b61aaf29df78d545a9,86ca6a871ea352dcf8e5def09364b9dd430c588a0251e9c746f1aa6c7b4eac37,env930012,0.001999999999998967,withheld-source-84138aa5e105fe315f39,withheld-source-ff019edc71d0c6784b85,policy-rate nominal 20Hz; use sim_time_s,max_t sum_j abs(tau_j*omega_j); five commanded joints,entire observed episode including followup when successful,False
H1,record-57c51a8d480e7b2d,depth,2,front,930012,1030012,True,dwell_complete,777,460.333,0.20000000000000015,39.05200000000176,38.85200000000152,19426,37.01599999999927,737,2.0360000000024883,True,273.3761490319284,277.9995035119811,282.6228579920264,74.7620929983037,273.376150233677,277.9995284458618,282.622906658045,9cf134d267a0a040c8cad21857ff8818287a7b3ce327df35d50edc758e05d062,8bd93d8d8a96e4d6c2260218373fea7747143158b6fd5601434dff03b73d73a9,d8458e909cb60e425837f84868b946e915fe8fb9abb34ab6b3981419175e090a,env930012,0.002000000000000078,withheld-source-90057b5b5ac12be4a818,withheld-source-b9cac0c2ef5e916f9eb6,policy-rate nominal 20Hz; use sim_time_s,max_t sum_j abs(tau_j*omega_j); five commanded joints,entire observed episode including followup when successful,False
H1,record-2687140a376f02e6,rgb,2,head,930012,1030012,False,max_steps,2000,1174.041,0.20000000000000015,100.20199999994787,100.00199999994834,50001,,,0.0,False,296.4368936298641,302.02890396278985,307.62091429572007,62.20209814608737,296.4368941603557,302.02891221831356,307.62093027626366,9cf134d267a0a040c8cad21857ff8818287a7b3ce327df35d50edc758e05d062,1952cb0096eb854f1f7db24dc19e27344ebcc2769b3e41b61aaf29df78d545a9,084d962cb51b4284b9df18a9ece608ea4f0ebaf1770ab8a52836240d437afec6,env930012,0.001999999999998967,withheld-source-4c4991aa6c1f0ad8bd93,withheld-source-ee4058cbfbec7fa7ade1,policy-rate nominal 20Hz; use sim_time_s,max_t sum_j abs(tau_j*omega_j); five commanded joints,entire observed episode including followup when successful,False
H1,record-8d0e3750b153a8ae,depth,2,head,930012,1030012,True,dwell_complete,466,274.365,0.20000000000000015,23.501999999997853,23.301999999997964,11651,21.453999999998988,425,2.047999999998865,True,248.36660971382327,251.33282434844392,254.2990389830637,69.63153066051441,248.36661007824372,251.33283081102218,254.29905154380072,9cf134d267a0a040c8cad21857ff8818287a7b3ce327df35d50edc758e05d062,8bd93d8d8a96e4d6c2260218373fea7747143158b6fd5601434dff03b73d73a9,3bdf783f3593614880587afe1f3063841a3c7aa0569b59bed16518d10e8dd77b,env930012,0.0019999999999998253,withheld-source-b2b5d82a87628e606855,withheld-source-c824958f22643be27c11,policy-rate nominal 20Hz; use sim_time_s,max_t sum_j abs(tau_j*omega_j); five commanded joints,entire observed episode including followup when successful,False
H1,record-45d3c2216a003a20,rgb,2,side,930012,1030012,True,dwell_complete,758,443.416,0.20000000000000015,38.1020000000006,37.902000000000356,18951,36.09399999999815,718,2.008000000002454,True,251.89710354761564,256.72378042450083,261.5504573013824,61.70924221219548,251.8971040874572,256.7237940917764,261.5504840960957,9cf134d267a0a040c8cad21857ff8818287a7b3ce327df35d50edc758e05d062,1952cb0096eb854f1f7db24dc19e27344ebcc2769b3e41b61aaf29df78d545a9,94133bcda872ee03aaa884864eaf8a20b99870aa1a271cf9a2c64b1354e9cfac,env930012,0.0020000000000000187,withheld-source-995f1f125aa32fc6dbc6,withheld-source-13fa9934e707a23ec420,policy-rate nominal 20Hz; use sim_time_s,max_t sum_j abs(tau_j*omega_j); five commanded joints,entire observed episode including followup when successful,False
H1,record-d18ad8e725369fab,depth,2,side,930012,1030012,True,dwell_complete,770,453.339,0.20000000000000015,38.702000000001334,38.50200000000109,19251,36.69599999999888,730,2.0060000000024516,True,263.6910446660472,268.2094721432188,272.7278996203955,75.66245601884647,263.69104666160047,268.20951817763955,272.7279896936822,9cf134d267a0a040c8cad21857ff8818287a7b3ce327df35d50edc758e05d062,8bd93d8d8a96e4d6c2260218373fea7747143158b6fd5601434dff03b73d73a9,5b6f952e7f3f37c8ae4c36a02c3191db00259fed2a48a79498131089467ba66c,env930012,0.0020000000000000564,withheld-source-f85aef2b8a423271620e,withheld-source-a6144c9027d99b867b65,policy-rate nominal 20Hz; use sim_time_s,max_t sum_j abs(tau_j*omega_j); five commanded joints,entire observed episode including followup when successful,False
H2,record-31f836fb6b50a620,rgb,0,none,910001,1010001,True,dwell_complete,362,156.882,0.20000000000000015,18.302000000000735,18.102000000000846,9051,16.25600000000187,322,2.045999999998866,True,237.12776239891858,238.34907862433008,239.57039484974123,76.3853083824445,237.12776228823125,238.34908369242433,239.5704050966179,f48661ba80c5f98211db04d4f399f6f50957e68ee672ff6646b340acc11f311f,3f0e8be1f39f5c1e2119b4160bf755ee036f8c5eda2862e86a95e67d543a350d,f9675400df27c96d76dab33d254b49e82d231759a54c8453f1a8b3acc6216dc6,env910001,0.0020000000000000933,withheld-source-8363b194e9362863ecc7,withheld-source-43f0706008ce2e5dc262,policy-rate nominal 20Hz; use sim_time_s,max_t sum_j abs(tau_j*omega_j); five commanded joints,entire observed episode including followup when successful,False
H2,record-31f836fb6b50a620,rgb,0,none,910002,1010002,True,dwell_complete,266,111.034,0.20000000000000015,13.502000000001178,13.302000000001112,6651,11.492000000000507,226,2.0100000000006712,True,256.3654356005442,257.2752393795523,258.18504315856063,74.957732868055,256.3654356320206,257.27523971529314,258.1850437985675,a7696ed5196750ed2066332002bedf59f314d43ac62e72df12bbc0bf1fb77a7f,3f0e8be1f39f5c1e2119b4160bf755ee036f8c5eda2862e86a95e67d543a350d,7493112dc57dab6558340f7db6eb0b81dcae9387da32d803da13980e8aac01a5,env910002,0.002000000000000167,withheld-source-8363b194e9362863ecc7,withheld-source-6b2c5593812dfc41cc7c,policy-rate nominal 20Hz; use sim_time_s,max_t sum_j abs(tau_j*omega_j); five commanded joints,entire observed episode including followup when successful,False
H2,record-31f836fb6b50a620,rgb,0,none,910003,1010003,True,dwell_complete,330,131.732,0.20000000000000015,16.70200000000162,16.502000000001733,8251,14.67600000000157,290,2.0260000000000513,True,279.48287424361604,281.0630211486085,282.6431680536005,77.35362299739866,279.48287429499294,281.0630214996208,282.6431687042486,ddc318339196d7a6305b2f2d42752f0eb57162442c6ee74f982dc6919a0ae9f9,3f0e8be1f39f5c1e2119b4160bf755ee036f8c5eda2862e86a95e67d543a350d,5069e1b6bd2f55191ed5b747d3ce5af92f7f495bc38cd7cc9c61f6456996e224,env910003,0.00200000000000021,withheld-source-8363b194e9362863ecc7,withheld-source-b14504a578919015144e,policy-rate nominal 20Hz; use sim_time_s,max_t sum_j abs(tau_j*omega_j); five commanded joints,entire observed episode including followup when successful,False
H2,record-31f836fb6b50a620,rgb,0,none,910004,1010004,True,dwell_complete,386,160.816,0.20000000000000015,19.50200000000007,19.30200000000018,9651,17.456000000001204,346,2.045999999998866,True,248.34679709155915,250.04307082853205,251.73934456550583,74.75864915127165,248.34680065364154,250.0431010010271,251.73940134841376,fdd121d8ab335f7be0e9a4c58ff05d7046071c5b88cbd19e6df79c6f251dee62,3f0e8be1f39f5c1e2119b4160bf755ee036f8c5eda2862e86a95e67d543a350d,dfbc1b660c10e2570bc6f61d1eb508b22198a8cc93253bf847db5aa38beb6b23,env910004,0.0020000000000000187,withheld-source-8363b194e9362863ecc7,withheld-source-b5947ca6ffafbcb0880b,policy-rate nominal 20Hz; use sim_time_s,max_t sum_j abs(tau_j*omega_j); five commanded joints,entire observed episode including followup when successful,False
H2,record-31f836fb6b50a620,rgb,0,none,910005,1010005,True,dwell_complete,528,219.258,0.20000000000000015,26.601999999996135,26.401999999996246,13201,24.57399999999726,488,2.027999999998876,True,262.17299920580734,264.5167161844678,266.8604331631275,74.91413055661803,262.17300004765696,264.51673253201994,266.86046501638174,3bf690454578c06ca029e7286a4a968f56a5eab6d1f4135d8abccc8833953d6f,3f0e8be1f39f5c1e2119b4160bf755ee036f8c5eda2862e86a95e67d543a350d,686bc1a367e1b5f9e7b8eb80e544b8a21609ad1a81af3ae462ea4e3c4132b514,env910005,0.0019999999999997155,withheld-source-8363b194e9362863ecc7,withheld-source-f5ea967f5debd4a78318,policy-rate nominal 20Hz; use sim_time_s,max_t sum_j abs(tau_j*omega_j); five commanded joints,entire observed episode including followup when successful,False
H2,record-ad20703044387d29,depth,0,none,910001,1010001,True,dwell_complete,429,189.055,0.20000000000000015,21.65199999999888,21.45199999999899,10726,19.626,389,2.025999999998877,True,238.42246190467642,240.76767709313575,243.11289228159706,73.56263655132469,238.42246311625135,240.76769184498755,243.11292057372341,f48661ba80c5f98211db04d4f399f6f50957e68ee672ff6646b340acc11f311f,4ccf152e2e08a3c91a2022d6e9f6cd71dd5edeb69e9e4ee120f42ffd45f3cf81,2be6a027bb4607251bcda776f6adf1d3654175c7c4b580c243d8fb5281bcf17e,env910001,0.001999999999999906,withheld-source-a294d77b0c25fa6fc4e4,withheld-source-efc093431c1ab090f86c,policy-rate nominal 20Hz; use sim_time_s,max_t sum_j abs(tau_j*omega_j); five commanded joints,entire observed episode including followup when successful,False
H2,record-ad20703044387d29,depth,0,none,910002,1010002,True,dwell_complete,531,230.248,0.20000000000000015,26.751999999996052,26.551999999996163,13276,24.73199999999717,491,2.0199999999988805,True,261.79264916322086,263.62277747704155,265.4529057908611,83.79294831514423,261.79264954737357,263.6227857875912,265.45292202780917,a7696ed5196750ed2066332002bedf59f314d43ac62e72df12bbc0bf1fb77a7f,4ccf152e2e08a3c91a2022d6e9f6cd71dd5edeb69e9e4ee120f42ffd45f3cf81,9ba634cdb5a1365583c1947d8938a12109f7a34953a84ece7be48fa55e4f4229,env910002,0.0019999999999997108,withheld-source-a294d77b0c25fa6fc4e4,withheld-source-6b4bb78214c098da962d,policy-rate nominal 20Hz; use sim_time_s,max_t sum_j abs(tau_j*omega_j); five commanded joints,entire observed episode including followup when successful,False
H2,record-ad20703044387d29,depth,0,none,910003,1010003,True,dwell_complete,403,165.499,0.20000000000000015,20.3519999999996,20.15199999999971,10076,18.324000000000723,363,2.027999999998876,True,283.2608260379181,284.4186646892476,285.5765033405795,72.29692871404885,283.2608261661852,284.41866644393554,285.57650672169,ddc318339196d7a6305b2f2d42752f0eb57162442c6ee74f982dc6919a0ae9f9,4ccf152e2e08a3c91a2022d6e9f6cd71dd5edeb69e9e4ee120f42ffd45f3cf81,6bace2e036d984f4924d44ba192427176b876c775e3dcfacde2a9f7736cd1c76,env910003,0.001999999999999971,withheld-source-a294d77b0c25fa6fc4e4,withheld-source-412795feb8dea261505c,policy-rate nominal 20Hz; use sim_time_s,max_t sum_j abs(tau_j*omega_j); five commanded joints,entire observed episode including followup when successful,False
H2,record-ad20703044387d29,depth,0,none,910004,1010004,True,dwell_complete,313,132.543,0.20000000000000015,15.852000000001963,15.652000000001896,7826,13.83600000000129,273,2.0160000000006733,True,250.6748521752812,251.69427149706385,252.71369081884686,72.53506823931056,250.67485236914607,251.6942753056703,252.71369824219292,fdd121d8ab335f7be0e9a4c58ff05d7046071c5b88cbd19e6df79c6f251dee62,4ccf152e2e08a3c91a2022d6e9f6cd71dd5edeb69e9e4ee120f42ffd45f3cf81,eb8a8607bd2ae97e59b951be32b9acc366c4b4cdc4a472c5afdc1942a3108ea1,env910004,0.0020000000000002425,withheld-source-a294d77b0c25fa6fc4e4,withheld-source-cf0bdb8b8cb6181b668e,policy-rate nominal 20Hz; use sim_time_s,max_t sum_j abs(tau_j*omega_j); five commanded joints,entire observed episode including followup when successful,False
H2,record-ad20703044387d29,depth,0,none,910005,1010005,True,dwell_complete,529,224.044,0.20000000000000015,26.651999999996107,26.451999999996218,13226,24.62599999999723,489,2.025999999998877,True,257.709214366832,259.66567613115905,261.6221378954883,75.79778575540878,257.7092149266722,259.66568778741015,261.62216064814635,3bf690454578c06ca029e7286a4a968f56a5eab6d1f4135d8abccc8833953d6f,4ccf152e2e08a3c91a2022d6e9f6cd71dd5edeb69e9e4ee120f42ffd45f3cf81,cec911b92d7b4b422989f47f09f51e4cffc14a5725f66980e4b73c583023c5bd,env910005,0.0019999999999997142,withheld-source-a294d77b0c25fa6fc4e4,withheld-source-35402e76168e3eb1ca75,policy-rate nominal 20Hz; use sim_time_s,max_t sum_j abs(tau_j*omega_j); five commanded joints,entire observed episode including followup when successful,False
H2,record-4d3ac345459ce113,rgb,1,none,920001,1020001,True,dwell_complete,375,154.006,0.20000000000000015,18.952000000000375,18.752000000000486,9376,16.93800000000149,335,2.013999999998884,True,275.08511670859724,276.71774151752965,278.35036632646296,80.55372652948446,275.0851167484784,276.71774194874575,278.35036714901435,d11ae8a0112d9c5e165fb98e3a1d8d04d75c223890420b2ef33fb9fa6a2fd4a2,bb415d715177cc98c69f65cbcd41425989f2ee06055139e688625932233de5a8,5f09cf539ed2f8287849060d5336961e577784498f7fd30d51dc7204173eb8e0,env920001,0.0020000000000000516,withheld-source-578f0a30f7814921f2bd,withheld-source-4bfaffe26ac73ec8cb82,policy-rate nominal 20Hz; use sim_time_s,max_t sum_j abs(tau_j*omega_j); five commanded joints,entire observed episode including followup when successful,False
H2,record-4d3ac345459ce113,rgb,1,none,920002,1020002,True,dwell_complete,387,163.718,0.20000000000000015,19.552000000000042,19.352000000000153,9676,17.530000000001163,347,2.0219999999988794,True,246.88874195229604,248.3825562507562,249.87637054921785,70.89667916219425,246.88874229118116,248.38256362170685,249.87638495223436,cf15eccf3de4b959d54939750456ca0fee469e8d6ddeb8c5eb362b1ef0e7721e,bb415d715177cc98c69f65cbcd41425989f2ee06055139e688625932233de5a8,3f18ae9b8da04879a943d5e39d39599b3cf87d0f8e4b90885ae504a8af0abea0,env920002,0.0020000000000000157,withheld-source-578f0a30f7814921f2bd,withheld-source-0217030687b421615aac,policy-rate nominal 20Hz; use sim_time_s,max_t sum_j abs(tau_j*omega_j); five commanded joints,entire observed episode including followup when successful,False
H2,record-4d3ac345459ce113,rgb,1,none,920003,1020003,True,dwell_complete,283,115.419,0.20000000000000015,14.352000000001462,14.152000000001395,7076,12.320000000000784,243,2.0320000000006786,True,282.9904684084731,284.1927996667443,285.39513092501545,88.33897219185306,282.9904685872238,284.19280302664924,285.3951374660769,37aa2795336e5db47376762147512179a4aed24a848ff1b2992f846628449dae,bb415d715177cc98c69f65cbcd41425989f2ee06055139e688625932233de5a8,bf20ae21f209d7c8e36e22a0df92a904d5a4db9c8f72eadf31b3a7d76d93feb3,env920003,0.0020000000000001974,withheld-source-578f0a30f7814921f2bd,withheld-source-67af6430846262805222,policy-rate nominal 20Hz; use sim_time_s,max_t sum_j abs(tau_j*omega_j); five commanded joints,entire observed episode including followup when successful,False
H2,record-4d3ac345459ce113,rgb,1,none,920004,1020004,True,dwell_complete,395,165.697,0.20000000000000015,19.95199999999982,19.75199999999993,9876,17.918000000000948,355,2.0339999999988727,True,244.4683391872668,246.17935051097874,247.89036183468903,66.12887132494552,244.46833970875457,246.17935998413242,247.89038025951248,8e3d2d3dda40126e508ad133bd7010e501b6626ce1c36d279b1181a8edd2f235,bb415d715177cc98c69f65cbcd41425989f2ee06055139e688625932233de5a8,772f66b239cadd0fd53a123eeb381f4661dfbff16c713ca2ac0cb20f9191e20b,env920004,0.001999999999999993,withheld-source-578f0a30f7814921f2bd,withheld-source-e320696cbe137a56296e,policy-rate nominal 20Hz; use sim_time_s,max_t sum_j abs(tau_j*omega_j); five commanded joints,entire observed episode including followup when successful,False
H2,record-4d3ac345459ce113,rgb,1,none,920005,1020005,True,dwell_complete,609,245.081,0.20000000000000015,30.65199999999389,30.451999999994,15226,28.62999999999501,569,2.0219999999988794,True,268.2052751551015,270.50449060252004,272.80370604994073,70.2053974482451,268.20527554860485,270.50449696826865,272.803718387931,5defe9908d56344b4c01ba8c7011cc10aa32cf5607536d91697675ed43d39202,bb415d715177cc98c69f65cbcd41425989f2ee06055139e688625932233de5a8,a9f192b1fa6b5d00d1d163fcc547b7c815c8675de8ead7bd53c1fc56b109dfdb,env920005,0.001999999999999606,withheld-source-578f0a30f7814921f2bd,withheld-source-3ebe1f7760c7261bde48,policy-rate nominal 20Hz; use sim_time_s,max_t sum_j abs(tau_j*omega_j); five commanded joints,entire observed episode including followup when successful,False
H2,record-84145ed525d01c9d,depth,1,none,920001,1020001,True,dwell_complete,551,214.383,0.20000000000000015,27.751999999995498,27.55199999999561,13776,25.72399999999662,511,2.027999999998876,True,269.46399590906407,271.78428046654204,274.10456502402195,77.81281330956048,269.46399647379025,271.7842942549015,274.10459203601454,d11ae8a0112d9c5e165fb98e3a1d8d04d75c223890420b2ef33fb9fa6a2fd4a2,fb494e5ac89a66eba5f7378fa57979240f73b8c2580f1ee763dc27f9983e820b,98f751a8c24cc4a537194421b498b851529fa0bfa5aaf2f3ccd5a90cbc89a126,env920001,0.0019999999999996813,withheld-source-55b3fecb2c15ce138764,withheld-source-77863c1c164ed52d8d22,policy-rate nominal 20Hz; use sim_time_s,max_t sum_j abs(tau_j*omega_j); five commanded joints,entire observed episode including followup when successful,False
H2,record-84145ed525d01c9d,depth,1,none,920002,1020002,True,dwell_complete,570,231.727,0.20000000000000015,28.70199999999497,28.501999999995082,14251,26.659999999996103,530,2.0419999999988683,True,238.28977425358033,240.2941942030684,242.29861415255667,67.81176290270932,238.28977457900808,240.2942009124068,242.2986272458085,cf15eccf3de4b959d54939750456ca0fee469e8d6ddeb8c5eb362b1ef0e7721e,fb494e5ac89a66eba5f7378fa57979240f73b8c2580f1ee763dc27f9983e820b,edbf06b98d6a7accd375d153a8bf1251956921166781559b10df501396e1ac29,env920002,0.001999999999999655,withheld-source-55b3fecb2c15ce138764,withheld-source-c181439a7cc2d513adca,policy-rate nominal 20Hz; use sim_time_s,max_t sum_j abs(tau_j*omega_j); five commanded joints,entire observed episode including followup when successful,False
H2,record-84145ed525d01c9d,depth,1,none,920003,1020003,True,dwell_complete,394,154.536,0.20000000000000015,19.90199999999985,19.70199999999996,9851,17.884000000000967,354,2.0179999999988816,True,273.76128857256157,275.294759885953,276.82823119934744,84.12212428200573,273.7612887545534,275.29476358454804,276.8282384145424,37aa2795336e5db47376762147512179a4aed24a848ff1b2992f846628449dae,fb494e5ac89a66eba5f7378fa57979240f73b8c2580f1ee763dc27f9983e820b,492b1002f3976eb234b94610777c9c1e923847dc295e1a5425b33fa737c25a31,env920003,0.0019999999999999957,withheld-source-55b3fecb2c15ce138764,withheld-source-00a064297c711ad99af6,policy-rate nominal 20Hz; use sim_time_s,max_t sum_j abs(tau_j*omega_j); five commanded joints,entire observed episode including followup when successful,False
H2,record-84145ed525d01c9d,depth,1,none,920004,1020004,True,dwell_complete,434,175.275,0.20000000000000015,21.90199999999874,21.70199999999885,10851,19.871999999999865,394,2.029999999998875,True,245.66657750212892,247.09898981340706,248.53140212468486,69.60493334994078,245.66657807558636,247.09900207297574,248.53142607036793,8e3d2d3dda40126e508ad133bd7010e501b6626ce1c36d279b1181a8edd2f235,fb494e5ac89a66eba5f7378fa57979240f73b8c2580f1ee763dc27f9983e820b,5b82199fab677313818c0c79e50417219070bdca4d8e1f9fc28cb2fab57f7029,env920004,0.0019999999999998942,withheld-source-55b3fecb2c15ce138764,withheld-source-424fc537b42faa42e73d,policy-rate nominal 20Hz; use sim_time_s,max_t sum_j abs(tau_j*omega_j); five commanded joints,entire observed episode including followup when successful,False
H2,record-84145ed525d01c9d,depth,1,none,920005,1020005,True,dwell_complete,515,197.821,0.20000000000000015,25.951999999996495,25.751999999996606,12876,23.90199999999763,474,2.049999999998864,True,266.5454142660934,268.69926616558854,270.8531180650843,69.7725832081229,266.5454146281075,268.6992736666392,270.85313270517116,5defe9908d56344b4c01ba8c7011cc10aa32cf5607536d91697675ed43d39202,fb494e5ac89a66eba5f7378fa57979240f73b8c2580f1ee763dc27f9983e820b,2d0a411f094014eafbb7fef41e42ff0dd7d2d6b424021c4195013be073f31e07,env920005,0.0019999999999997364,withheld-source-55b3fecb2c15ce138764,withheld-source-ee3e9f7d43bed18015d3,policy-rate nominal 20Hz; use sim_time_s,max_t sum_j abs(tau_j*omega_j); five commanded joints,entire observed episode including followup when successful,False
H2,record-88e43ac43fd04770,rgb,2,none,930001,1030001,True,dwell_complete,594,253.541,0.20000000000000015,29.901999999994306,29.701999999994417,14851,27.865999999995434,554,2.0359999999988716,True,252.62685550064683,255.50274390121987,258.3786323017929,45.640706213448475,252.62685577786374,255.50274884745616,258.3786419170421,8430cfa691cdd795822068568a5f2438d9ed03dc1c1ac7909abd34e280a928cd,1952cb0096eb854f1f7db24dc19e27344ebcc2769b3e41b61aaf29df78d545a9,74e86a38f4e0d7606213a52fdda40246da314a787a53236d553e5ad90adf39ba,env930001,0.001999999999999624,withheld-source-87a2aa60d526d630acdc,withheld-source-1e736fc3320c34ef0152,policy-rate nominal 20Hz; use sim_time_s,max_t sum_j abs(tau_j*omega_j); five commanded joints,entire observed episode including followup when successful,False
H2,record-88e43ac43fd04770,rgb,2,none,930002,1030002,True,dwell_complete,894,378.072,0.20000000000000015,44.90200000000891,44.70200000000867,22351,42.88800000000645,854,2.0140000000024614,True,282.3259411011935,286.7675782960225,291.2092154908494,68.69679895737349,282.3259419494381,286.7675956501101,291.2092493507793,ffb26a930def74a44e33c179719b453876991433850e5254a1e69a80859183f3,1952cb0096eb854f1f7db24dc19e27344ebcc2769b3e41b61aaf29df78d545a9,0ae6dcc3e00bbef2656d642def2ae85b4e0bc7124ba9f93a9cb0cc0cff12b59b,env930002,0.0020000000000003878,withheld-source-87a2aa60d526d630acdc,withheld-source-c61f9ff247a0f7c7f80a,policy-rate nominal 20Hz; use sim_time_s,max_t sum_j abs(tau_j*omega_j); five commanded joints,entire observed episode including followup when successful,False
H2,record-2172269ffcf87a3c,depth,2,none,930001,1030001,True,dwell_complete,452,196.493,0.20000000000000015,22.80199999999824,22.601999999998352,11301,20.78599999999936,412,2.0159999999988827,True,243.8529320948045,245.85317635140822,247.85342060801202,45.497854935407986,243.85293246299085,245.85318431802236,247.8534361730544,8430cfa691cdd795822068568a5f2438d9ed03dc1c1ac7909abd34e280a928cd,8bd93d8d8a96e4d6c2260218373fea7747143158b6fd5601434dff03b73d73a9,9f4b1f7656ab7fbaa6d11b8296912bcbb21140a626bbd65db9583898da40c328,env930001,0.0019999999999998543,withheld-source-878cf68b2ad38872455c,withheld-source-37c445cfdc3be82c33db,policy-rate nominal 20Hz; use sim_time_s,max_t sum_j abs(tau_j*omega_j); five commanded joints,entire observed episode including followup when successful,False
H2,record-2172269ffcf87a3c,depth,2,none,930002,1030002,True,dwell_complete,698,301.203,0.20000000000000015,35.101999999996934,34.90199999999669,17451,33.05999999999444,658,2.0420000000024956,True,269.0564576174033,272.83049242902706,276.6045272406456,69.31941834430499,269.05645815371633,272.830503644365,276.60454913501053,ffb26a930def74a44e33c179719b453876991433850e5254a1e69a80859183f3,8bd93d8d8a96e4d6c2260218373fea7747143158b6fd5601434dff03b73d73a9,3e5c956f6c151a17ac93179f00a5633797fe31f1e98624addea99bc917e00a9a,env930002,0.0019999999999998105,withheld-source-878cf68b2ad38872455c,withheld-source-050a7050d8af35652366,policy-rate nominal 20Hz; use sim_time_s,max_t sum_j abs(tau_j*omega_j); five commanded joints,entire observed episode including followup when successful,False
H2,record-56c7cbb3abb4abc5,rgb,0,top,910001,1010001,True,dwell_complete,353,153.171,0.20000000000000015,17.852000000000984,17.652000000001095,8826,15.834000000001957,313,2.0179999999990272,True,243.29890284994914,244.60068874323375,245.90247463651835,76.77800540433164,243.29890313935388,244.6006942163553,245.9024852933538,f48661ba80c5f98211db04d4f399f6f50957e68ee672ff6646b340acc11f311f,3f0e8be1f39f5c1e2119b4160bf755ee036f8c5eda2862e86a95e67d543a350d,98e06d8319d94089eead89915673be15bdbf68e7d97d995106c0249fb29fa5eb,env910001,0.002000000000000124,withheld-source-b9988ea74914eb3da61b,withheld-source-21454158015980e4b29d,policy-rate nominal 20Hz; use sim_time_s,max_t sum_j abs(tau_j*omega_j); five commanded joints,entire observed episode including followup when successful,False
H2,record-56c7cbb3abb4abc5,rgb,0,top,910002,1010002,True,dwell_complete,264,110.757,0.20000000000000015,13.402000000001145,13.202000000001078,6601,11.402000000000477,224,2.000000000000668,True,258.86937760607833,259.5485024491344,260.2276272921914,74.96182107304698,258.86937784621784,259.5485035096715,260.2276291731237,a7696ed5196750ed2066332002bedf59f314d43ac62e72df12bbc0bf1fb77a7f,3f0e8be1f39f5c1e2119b4160bf755ee036f8c5eda2862e86a95e67d543a350d,efc05fa82d7c70e8f60dfa4c2e00545366df33fa01123c6bc80ad52b25abf0e1,env910002,0.0020000000000001635,withheld-source-b9988ea74914eb3da61b,withheld-source-6ad52e67a1aa18e09ec9,policy-rate nominal 20Hz; use sim_time_s,max_t sum_j abs(tau_j*omega_j); five commanded joints,entire observed episode including followup when successful,False
H2,record-56c7cbb3abb4abc5,rgb,0,top,910003,1010003,True,dwell_complete,325,130.416,0.20000000000000015,16.45200000000176,16.25200000000187,8126,14.440000000001492,285,2.0120000000002687,True,283.1918749384493,284.3787967906507,285.5657186428528,81.6635949675833,283.19187500205624,284.3787974705286,285.56571993900405,ddc318339196d7a6305b2f2d42752f0eb57162442c6ee74f982dc6919a0ae9f9,3f0e8be1f39f5c1e2119b4160bf755ee036f8c5eda2862e86a95e67d543a350d,3e93689c1197393e1c491ff4003aa84df4b81dd387831908176cd765d5b9c565,env910003,0.0020000000000002303,withheld-source-b9988ea74914eb3da61b,withheld-source-577f431b873b53ff9949,policy-rate nominal 20Hz; use sim_time_s,max_t sum_j abs(tau_j*omega_j); five commanded joints,entire observed episode including followup when successful,False
H2,record-56c7cbb3abb4abc5,rgb,0,top,910004,1010004,True,dwell_complete,488,204.109,0.20000000000000015,24.601999999997243,24.401999999997354,12201,22.56799999999837,448,2.0339999999988727,True,266.00430152874463,268.04352127080426,270.08274101286213,75.27987870386252,266.0043039524759,268.04354536157825,270.08278677068125,fdd121d8ab335f7be0e9a4c58ff05d7046071c5b88cbd19e6df79c6f251dee62,3f0e8be1f39f5c1e2119b4160bf755ee036f8c5eda2862e86a95e67d543a350d,f5f92e839804afc42a553db19697d81c8a867028284b6e61848debd4b935c744,env910004,0.001999999999999783,withheld-source-b9988ea74914eb3da61b,withheld-source-8f40523ce080ee0e8732,policy-rate nominal 20Hz; use sim_time_s,max_t sum_j abs(tau_j*omega_j); five commanded joints,entire observed episode including followup when successful,False
H2,record-56c7cbb3abb4abc5,rgb,0,top,910005,1010005,False,max_steps,2000,831.69,0.20000000000000015,100.20199999994787,100.00199999994834,50001,,,0.0,False,294.1498695725922,299.387421567941,304.62497356329504,74.57036998557511,294.1498702052738,299.3874324630832,304.62499472089746,3bf690454578c06ca029e7286a4a968f56a5eab6d1f4135d8abccc8833953d6f,3f0e8be1f39f5c1e2119b4160bf755ee036f8c5eda2862e86a95e67d543a350d,8d7e26bf9b88481700090944530a3aeb498c83d3560aea5875aaf90899bffb43,env910005,0.001999999999998967,withheld-source-b9988ea74914eb3da61b,withheld-source-97514ee49d3f4def2ffa,policy-rate nominal 20Hz; use sim_time_s,max_t sum_j abs(tau_j*omega_j); five commanded joints,entire observed episode including followup when successful,False
H2,record-45ddf3bb96e4f9e4,depth,0,top,910001,1010001,True,dwell_complete,304,133.412,0.20000000000000015,15.402000000001813,15.202000000001746,7601,13.372000000001135,264,2.030000000000678,True,246.99347174509327,248.3739844200962,249.754497095101,73.72998348605758,246.99347221175742,248.3739867844086,249.75450135706078,f48661ba80c5f98211db04d4f399f6f50957e68ee672ff6646b340acc11f311f,4ccf152e2e08a3c91a2022d6e9f6cd71dd5edeb69e9e4ee120f42ffd45f3cf81,f55647f402ba173d708d1071baf262d81ab805904a233e1bcfcba15bf43eff3a,env910001,0.00200000000000023,withheld-source-b588a47d357b89d855ae,withheld-source-29e51fc78c6d6e4ff916,policy-rate nominal 20Hz; use sim_time_s,max_t sum_j abs(tau_j*omega_j); five commanded joints,entire observed episode including followup when successful,False
H2,record-45ddf3bb96e4f9e4,depth,0,top,910002,1010002,True,dwell_complete,280,118.547,0.20000000000000015,14.202000000001412,14.002000000001345,7001,12.154000000000728,239,2.048000000000684,True,266.971555964326,268.0404980803587,269.1094401963909,83.80367677000831,266.9715560045509,268.0404983401488,269.10944067574746,a7696ed5196750ed2066332002bedf59f314d43ac62e72df12bbc0bf1fb77a7f,4ccf152e2e08a3c91a2022d6e9f6cd71dd5edeb69e9e4ee120f42ffd45f3cf81,3d46e02f7387f9ef3161c0575f68aa544fc8bd8014eb82a57be9485ca21f6abf,env910002,0.002000000000000192,withheld-source-b588a47d357b89d855ae,withheld-source-c5a53d3850ca5f0ee697,policy-rate nominal 20Hz; use sim_time_s,max_t sum_j abs(tau_j*omega_j); five commanded joints,entire observed episode including followup when successful,False
H2,record-45ddf3bb96e4f9e4,depth,0,top,910003,1010003,True,dwell_complete,394,160.285,0.20000000000000015,19.90199999999985,19.70199999999996,9851,17.864000000000978,354,2.0379999999988705,True,286.5802000230446,287.884921969617,289.1896439161874,80.28037001774328,286.5802010955255,287.8849294142511,289.18965773297566,ddc318339196d7a6305b2f2d42752f0eb57162442c6ee74f982dc6919a0ae9f9,4ccf152e2e08a3c91a2022d6e9f6cd71dd5edeb69e9e4ee120f42ffd45f3cf81,b66bc8f3b1bd23def173fb8620765eaffa94784816ebd27eb479fb8cbd558cb2,env910003,0.0019999999999999957,withheld-source-b588a47d357b89d855ae,withheld-source-c7863d29c488eeaf860c,policy-rate nominal 20Hz; use sim_time_s,max_t sum_j abs(tau_j*omega_j); five commanded joints,entire observed episode including followup when successful,False
H2,record-45ddf3bb96e4f9e4,depth,0,top,910004,1010004,True,dwell_complete,311,130.628,0.20000000000000015,15.75200000000193,15.552000000001863,7776,13.722000000001252,271,2.030000000000678,True,247.0582676303031,248.01021876535557,248.96216990040782,82.54700016784446,247.05826808506924,248.01022565396357,248.96218322285486,fdd121d8ab335f7be0e9a4c58ff05d7046071c5b88cbd19e6df79c6f251dee62,4ccf152e2e08a3c91a2022d6e9f6cd71dd5edeb69e9e4ee120f42ffd45f3cf81,8a465d9ac9a673e8f76af10deb027937a9c236553b71aeec2e4f7efc7a43abe6,env910004,0.0020000000000002394,withheld-source-b588a47d357b89d855ae,withheld-source-ac1240232f96c397fef6,policy-rate nominal 20Hz; use sim_time_s,max_t sum_j abs(tau_j*omega_j); five commanded joints,entire observed episode including followup when successful,False
H2,record-45ddf3bb96e4f9e4,depth,0,top,910005,1010005,True,dwell_complete,1755,741.264,0.20000000000000015,87.95199999997642,87.75199999997689,43876,85.92399999998115,1715,2.0279999999952736,True,279.515841365222,282.54565493480743,285.575468504402,75.24497845258846,279.51584245791327,282.5456733362487,285.5755042145878,3bf690454578c06ca029e7286a4a968f56a5eab6d1f4135d8abccc8833953d6f,4ccf152e2e08a3c91a2022d6e9f6cd71dd5edeb69e9e4ee120f42ffd45f3cf81,2462d63ebe518dddf9a53e4af9ca37fe27a3066b1ef5a3cffcb42b33c93e225c,env910005,0.001999999999999473,withheld-source-b588a47d357b89d855ae,withheld-source-2a6b129ac01be7f63091,policy-rate nominal 20Hz; use sim_time_s,max_t sum_j abs(tau_j*omega_j); five commanded joints,entire observed episode including followup when successful,False
H2,record-ea6f17cc078ec9b4,rgb,1,top,920001,1020001,True,dwell_complete,520,210.936,0.20000000000000015,26.201999999996357,26.001999999996467,13001,24.161999999997487,480,2.0399999999988694,True,269.5197385315638,271.94792911111716,274.37611969067063,77.03410050063547,269.5197388842569,271.94793701504346,274.37613514583234,d11ae8a0112d9c5e165fb98e3a1d8d04d75c223890420b2ef33fb9fa6a2fd4a2,bb415d715177cc98c69f65cbcd41425989f2ee06055139e688625932233de5a8,fc95744f1bbf9a9e965c250faba289ddeb74abcf41947fe3d33ea79cd9ea1279,env920001,0.001999999999999728,withheld-source-a851d512d89f8b141879,withheld-source-97be9f21e15adb68800f,policy-rate nominal 20Hz; use sim_time_s,max_t sum_j abs(tau_j*omega_j); five commanded joints,entire observed episode including followup when successful,False
H2,record-ea6f17cc078ec9b4,rgb,1,top,920002,1020002,True,dwell_complete,456,191.426,0.20000000000000015,23.00199999999813,22.80199999999824,11401,20.973999999999254,416,2.027999999998876,True,248.83562164195453,250.00591787332914,251.17621410470286,77.23510738362296,248.83562211924814,250.0059269573539,251.1762317954619,cf15eccf3de4b959d54939750456ca0fee469e8d6ddeb8c5eb362b1ef0e7721e,bb415d715177cc98c69f65cbcd41425989f2ee06055139e688625932233de5a8,e7675871544183518863a9010f9ea29ad245fa453488d81371a1527abcd5a136,env920002,0.0019999999999998457,withheld-source-a851d512d89f8b141879,withheld-source-572621057bab92ff0a56,policy-rate nominal 20Hz; use sim_time_s,max_t sum_j abs(tau_j*omega_j); five commanded joints,entire observed episode including followup when successful,False
H2,record-ea6f17cc078ec9b4,rgb,1,top,920003,1020003,True,dwell_complete,476,200.131,0.20000000000000015,24.001999999997576,23.801999999997687,11901,21.997999999998687,436,2.0039999999988893,True,272.6055714103948,274.231948134202,275.8583248580099,81.58596846759188,272.60557156337677,274.2319510083359,275.8583304532958,37aa2795336e5db47376762147512179a4aed24a848ff1b2992f846628449dae,bb415d715177cc98c69f65cbcd41425989f2ee06055139e688625932233de5a8,510894508eea083ad47cfb17316bd64a6189d64b1890d533be1870c1e236f340,env920003,0.0019999999999998058,withheld-source-a851d512d89f8b141879,withheld-source-4ab0e7d4c9796d618612,policy-rate nominal 20Hz; use sim_time_s,max_t sum_j abs(tau_j*omega_j); five commanded joints,entire observed episode including followup when successful,False
H2,record-ea6f17cc078ec9b4,rgb,1,top,920004,1020004,True,dwell_complete,508,218.616,0.20000000000000015,25.60199999999669,25.4019999999968,12701,23.583999999997808,468,2.0179999999988816,True,242.79389451330857,244.75432901753678,246.7147635217645,66.47349529083922,242.7938952427684,244.75434362873574,246.71479201470376,8e3d2d3dda40126e508ad133bd7010e501b6626ce1c36d279b1181a8edd2f235,bb415d715177cc98c69f65cbcd41425989f2ee06055139e688625932233de5a8,188849fae0906d9bce6f2f22699178bc09e8fc57221ef24a3c5a88cfb82ec0f4,env920004,0.001999999999999748,withheld-source-a851d512d89f8b141879,withheld-source-bd0950a99a6fd0a23af3,policy-rate nominal 20Hz; use sim_time_s,max_t sum_j abs(tau_j*omega_j); five commanded joints,entire observed episode including followup when successful,False
H2,record-ea6f17cc078ec9b4,rgb,1,top,920005,1020005,True,dwell_complete,608,250.763,0.20000000000000015,30.601999999993918,30.40199999999403,15201,28.55999999999505,568,2.0419999999988683,True,263.0777613263489,266.8134921780354,270.5492230297228,59.50142579832909,263.0777616339582,266.8134976726839,270.54923371141206,5defe9908d56344b4c01ba8c7011cc10aa32cf5607536d91697675ed43d39202,bb415d715177cc98c69f65cbcd41425989f2ee06055139e688625932233de5a8,b5c800876e8445b5cdb323fe5d65335c969b9bca2d2f78aec31cf9a6a2823c39,env920005,0.001999999999999607,withheld-source-a851d512d89f8b141879,withheld-source-a3aab2695a013503f7bf,policy-rate nominal 20Hz; use sim_time_s,max_t sum_j abs(tau_j*omega_j); five commanded joints,entire observed episode including followup when successful,False
H2,record-17f626fa3cd70a39,depth,1,top,920001,1020001,True,dwell_complete,576,230.214,0.20000000000000015,29.001999999994805,28.801999999994916,14401,26.96999999999593,536,2.031999999998874,True,256.4054151374843,260.07118299743814,263.7369508573891,45.60618666483193,256.4054157304804,260.0711938942034,263.7369720579217,d11ae8a0112d9c5e165fb98e3a1d8d04d75c223890420b2ef33fb9fa6a2fd4a2,fb494e5ac89a66eba5f7378fa57979240f73b8c2580f1ee763dc27f9983e820b,b13362da22e40505ad9b360b0ec09ab1ab89eea0447865c728f1bbfc69920c4a,env920001,0.001999999999999647,withheld-source-b4c489b764ef83ced6d4,withheld-source-e2fc6ca78ad7a191927d,policy-rate nominal 20Hz; use sim_time_s,max_t sum_j abs(tau_j*omega_j); five commanded joints,entire observed episode including followup when successful,False
H2,record-17f626fa3cd70a39,depth,1,top,920002,1020002,True,dwell_complete,307,126.771,0.20000000000000015,15.552000000001863,15.352000000001796,7676,13.520000000001184,267,2.0320000000006786,True,248.7675378178787,249.7302699285889,250.69300203929964,73.96958034665431,248.76753805834696,249.73027498009458,250.69301190184177,cf15eccf3de4b959d54939750456ca0fee469e8d6ddeb8c5eb362b1ef0e7721e,fb494e5ac89a66eba5f7378fa57979240f73b8c2580f1ee763dc27f9983e820b,f5cee522212838d5176d7ffdb8cc646affc73284833cf4776998e26456cdba8c,env920002,0.002000000000000234,withheld-source-b4c489b764ef83ced6d4,withheld-source-2c72d1bb182e172d3174,policy-rate nominal 20Hz; use sim_time_s,max_t sum_j abs(tau_j*omega_j); five commanded joints,entire observed episode including followup when successful,False
H2,record-17f626fa3cd70a39,depth,1,top,920003,1020003,False,max_steps,2000,815.037,0.20000000000000015,100.20199999994787,100.00199999994834,50001,,,0.0,False,269.2551846727829,273.3633317162429,277.47147875969915,80.98044242678469,269.25518483888965,273.3633340669731,277.47148329506626,37aa2795336e5db47376762147512179a4aed24a848ff1b2992f846628449dae,fb494e5ac89a66eba5f7378fa57979240f73b8c2580f1ee763dc27f9983e820b,78e8dce1bd5c538cf27db78c55a6b7ab2b34e08ec04eef84a9dfc53ec6061692,env920003,0.001999999999998967,withheld-source-b4c489b764ef83ced6d4,withheld-source-22f029605be4f44f068d,policy-rate nominal 20Hz; use sim_time_s,max_t sum_j abs(tau_j*omega_j); five commanded joints,entire observed episode including followup when successful,False
H2,record-17f626fa3cd70a39,depth,1,top,920004,1020004,True,dwell_complete,384,158.967,0.20000000000000015,19.402000000000125,19.202000000000236,9601,17.398000000001236,344,2.0039999999988893,True,244.91438730403956,246.2903611787654,247.66633505349344,69.81121256997744,244.91438785363178,246.29037203176526,247.66635620989948,8e3d2d3dda40126e508ad133bd7010e501b6626ce1c36d279b1181a8edd2f235,fb494e5ac89a66eba5f7378fa57979240f73b8c2580f1ee763dc27f9983e820b,b52aebf47b8d7d56e0fbddda918b29d283677755698ac95cb1e702c359f7ae5e,env920004,0.0020000000000000248,withheld-source-b4c489b764ef83ced6d4,withheld-source-0dbb9a56eb5e88a7c46b,policy-rate nominal 20Hz; use sim_time_s,max_t sum_j abs(tau_j*omega_j); five commanded joints,entire observed episode including followup when successful,False
H2,record-17f626fa3cd70a39,depth,1,top,920005,1020005,True,dwell_complete,464,177.723,0.20000000000000015,23.40199999999791,23.20199999999802,11601,21.363999999999038,424,2.0379999999988705,True,269.07845796686547,271.16336434410744,273.2482707213487,51.596261739405676,269.0784582571861,271.16336933280945,273.2482804084348,5defe9908d56344b4c01ba8c7011cc10aa32cf5607536d91697675ed43d39202,fb494e5ac89a66eba5f7378fa57979240f73b8c2580f1ee763dc27f9983e820b,3193cda0e863b45f48db0643f9c5ed32b21a145c01878c0eb5881c702e115bff,env920005,0.001999999999999829,withheld-source-b4c489b764ef83ced6d4,withheld-source-c1602fff3d0882768c18,policy-rate nominal 20Hz; use sim_time_s,max_t sum_j abs(tau_j*omega_j); five commanded joints,entire observed episode including followup when successful,False
H2,record-9ac6cd44fd989d7a,rgb,2,top,930001,1030001,True,dwell_complete,568,246.279,0.20000000000000015,28.601999999995027,28.401999999995137,14201,26.55399999999616,527,2.047999999998865,True,254.00422057497775,256.5371944233483,259.07016827171356,45.658282703689544,254.0042206207631,256.53719469895805,259.0701687771519,8430cfa691cdd795822068568a5f2438d9ed03dc1c1ac7909abd34e280a928cd,1952cb0096eb854f1f7db24dc19e27344ebcc2769b3e41b61aaf29df78d545a9,ce5abfb7ca6a08a562ec9f7d0ae3e378a404a2d630022b3a020f51102da803cf,env930001,0.0019999999999996574,withheld-source-73dbbacdf1771f7bb63a,withheld-source-08b29b1380681583dcea,policy-rate nominal 20Hz; use sim_time_s,max_t sum_j abs(tau_j*omega_j); five commanded joints,entire observed episode including followup when successful,False
H2,record-9ac6cd44fd989d7a,rgb,2,top,930002,1030002,True,dwell_complete,648,282.06,0.20000000000000015,32.60199999999388,32.401999999993635,16201,30.56199999999394,608,2.0399999999999388,True,263.9883969159046,266.83955210569,269.69070729547946,69.5076270569578,263.98839743935963,266.8395621056294,269.6907267718993,ffb26a930def74a44e33c179719b453876991433850e5254a1e69a80859183f3,1952cb0096eb854f1f7db24dc19e27344ebcc2769b3e41b61aaf29df78d545a9,adc5a4bef9f0bfc1c1f4748a8c1867fba360ba3d2ba9552184a4e05aa05e62d2,env930002,0.001999999999999607,withheld-source-73dbbacdf1771f7bb63a,withheld-source-f46d3602a065835f929a,policy-rate nominal 20Hz; use sim_time_s,max_t sum_j abs(tau_j*omega_j); five commanded joints,entire observed episode including followup when successful,False
H2,record-b7877dca2ffda602,depth,2,top,930001,1030001,True,dwell_complete,511,215.604,0.20000000000000015,25.751999999996606,25.551999999996717,12776,23.729999999997727,471,2.0219999999988794,True,243.63601001181675,246.0584805837416,248.48095115566804,48.68515320298616,243.63601021422457,246.05848469130856,248.48095916839512,8430cfa691cdd795822068568a5f2438d9ed03dc1c1ac7909abd34e280a928cd,8bd93d8d8a96e4d6c2260218373fea7747143158b6fd5601434dff03b73d73a9,10ce5ad0205edf14d708f1cbfc23319e446d617387ec62a88c22b0f44a61fd9f,env930001,0.001999999999999743,withheld-source-d563ab744fe4196e2acd,withheld-source-7eacfc6f55fbbdb5e9c6,policy-rate nominal 20Hz; use sim_time_s,max_t sum_j abs(tau_j*omega_j); five commanded joints,entire observed episode including followup when successful,False
H2,record-b7877dca2ffda602,depth,2,top,930002,1030002,False,max_steps,2000,848.035,0.20000000000000015,100.20199999994787,100.00199999994834,50001,,,0.0,False,323.7459905909001,330.62091370235026,337.49583681379596,87.4158208037379,323.7459962123326,330.620982724427,337.49596923651615,ffb26a930def74a44e33c179719b453876991433850e5254a1e69a80859183f3,8bd93d8d8a96e4d6c2260218373fea7747143158b6fd5601434dff03b73d73a9,dea8ab7a4f66c3df1049c4ce692436a3ff4c3a4066d07bbf57770251c649d098,env930002,0.001999999999998967,withheld-source-d563ab744fe4196e2acd,withheld-source-e858f1352fc18fada82a,policy-rate nominal 20Hz; use sim_time_s,max_t sum_j abs(tau_j*omega_j); five commanded joints,entire observed episode including followup when successful,False
H2,record-d58d55d16c5dcb61,rgb,0,front,910001,1010001,False,max_steps,2000,901.386,0.20000000000000015,100.20199999994787,100.00199999994834,50001,,,0.0,False,284.4003896080189,288.6862505212563,292.972111434495,77.24505738742445,284.4003920309893,288.68628501058794,292.9721779901883,f48661ba80c5f98211db04d4f399f6f50957e68ee672ff6646b340acc11f311f,3f0e8be1f39f5c1e2119b4160bf755ee036f8c5eda2862e86a95e67d543a350d,9fc630e4dc85ebd4a972f1e89cbb5b84365e523729ec88dedecad3cf9a47526f,env910001,0.001999999999998967,withheld-source-505e4feba47d41283b71,withheld-source-da9b9b834044f5df3997,policy-rate nominal 20Hz; use sim_time_s,max_t sum_j abs(tau_j*omega_j); five commanded joints,entire observed episode including followup when successful,False
H2,record-d58d55d16c5dcb61,rgb,0,front,910002,1010002,False,max_steps,2000,874.411,0.20000000000000015,100.20199999994787,100.00199999994834,50001,,,0.0,False,291.41958414927836,295.4161729933366,299.412761837398,88.41367585247457,291.4195877196004,295.41623366183234,299.41287960406123,a7696ed5196750ed2066332002bedf59f314d43ac62e72df12bbc0bf1fb77a7f,3f0e8be1f39f5c1e2119b4160bf755ee036f8c5eda2862e86a95e67d543a350d,8ae87ca4498910bb992364bb8c9e2f5d1bdf1deaae072079b017f0b47d9c5c96,env910002,0.001999999999998967,withheld-source-505e4feba47d41283b71,withheld-source-1fd798a5e9c290afa7be,policy-rate nominal 20Hz; use sim_time_s,max_t sum_j abs(tau_j*omega_j); five commanded joints,entire observed episode including followup when successful,False
H2,record-d58d55d16c5dcb61,rgb,0,front,910003,1010003,True,dwell_complete,529,218.366,0.20000000000000015,26.651999999996107,26.451999999996218,13226,24.629999999997228,489,2.0219999999988794,True,279.18642502952713,281.0983957122846,283.0103663950376,75.19088681501658,279.18642518900805,281.0983981060448,283.01037102308135,ddc318339196d7a6305b2f2d42752f0eb57162442c6ee74f982dc6919a0ae9f9,3f0e8be1f39f5c1e2119b4160bf755ee036f8c5eda2862e86a95e67d543a350d,ac684bd3e790c6f26dd46847fb019c7061fb52a31c2c42db311adb5ef310d99b,env910003,0.0019999999999997142,withheld-source-505e4feba47d41283b71,withheld-source-34b681357fb56a9fd036,policy-rate nominal 20Hz; use sim_time_s,max_t sum_j abs(tau_j*omega_j); five commanded joints,entire observed episode including followup when successful,False
H2,record-d58d55d16c5dcb61,rgb,0,front,910004,1010004,False,max_steps,2000,864.583,0.20000000000000015,100.20199999994787,100.00199999994834,50001,,,0.0,False,291.56951222401324,299.84073668416573,308.1119611443296,84.60347985296627,291.5695136619242,299.84076215672013,308.11201065153085,fdd121d8ab335f7be0e9a4c58ff05d7046071c5b88cbd19e6df79c6f251dee62,3f0e8be1f39f5c1e2119b4160bf755ee036f8c5eda2862e86a95e67d543a350d,ee9c4889e0801cfb9c818bf2f4b8fc89e39de000a49b11dddee010453e779cd6,env910004,0.001999999999998967,withheld-source-505e4feba47d41283b71,withheld-source-1c7ea8f952244adc7491,policy-rate nominal 20Hz; use sim_time_s,max_t sum_j abs(tau_j*omega_j); five commanded joints,entire observed episode including followup when successful,False
H2,record-d58d55d16c5dcb61,rgb,0,front,910005,1010005,True,dwell_complete,915,389.123,0.20000000000000015,45.952000000010194,45.75200000000995,22876,43.9100000000077,875,2.0420000000024956,True,261.489631007305,264.27250258240065,267.0553741575021,74.65122961564732,261.48963211998,264.27252496966486,267.05541781935483,3bf690454578c06ca029e7286a4a968f56a5eab6d1f4135d8abccc8833953d6f,3f0e8be1f39f5c1e2119b4160bf755ee036f8c5eda2862e86a95e67d543a350d,5cd19b9590e6960c0ae1b9fdb1b385c6a2c824049987ccc0463c32e6cef21080,env910005,0.002000000000000435,withheld-source-505e4feba47d41283b71,withheld-source-a0ba3b90838250cf5ea8,policy-rate nominal 20Hz; use sim_time_s,max_t sum_j abs(tau_j*omega_j); five commanded joints,entire observed episode including followup when successful,False
H2,record-1b0aca3d934828d9,depth,0,front,910001,1010001,False,max_steps,2000,912.082,0.20000000000000015,100.20199999994787,100.00199999994834,50001,,,0.0,False,266.3890433170756,268.42223240443565,270.45542149180824,75.21364322882641,266.3890445883735,268.4222514552789,270.4554583222023,f48661ba80c5f98211db04d4f399f6f50957e68ee672ff6646b340acc11f311f,4ccf152e2e08a3c91a2022d6e9f6cd71dd5edeb69e9e4ee120f42ffd45f3cf81,6a516af96baeae2e899be64271984bad60ff24b7fd99e6ced45ee6c544aed051,env910001,0.001999999999998967,withheld-source-39ad42c2635b86f71e3d,withheld-source-dc2a819eedb13c38b71c,policy-rate nominal 20Hz; use sim_time_s,max_t sum_j abs(tau_j*omega_j); five commanded joints,entire observed episode including followup when successful,False
H2,record-1b0aca3d934828d9,depth,0,front,910002,1010002,False,max_steps,2000,882.595,0.20000000000000015,100.20199999994787,100.00199999994834,50001,,,0.0,False,296.81111860041324,299.2953905572151,301.7796625140222,85.03296511194,296.8111193398277,299.2954023096739,301.77968527952356,a7696ed5196750ed2066332002bedf59f314d43ac62e72df12bbc0bf1fb77a7f,4ccf152e2e08a3c91a2022d6e9f6cd71dd5edeb69e9e4ee120f42ffd45f3cf81,447e9f94f09daf9fae8e575d2926eed370fbe7a142246797500dfce09640f735,env910002,0.001999999999998967,withheld-source-39ad42c2635b86f71e3d,withheld-source-6d5d47c35a231659fe9c,policy-rate nominal 20Hz; use sim_time_s,max_t sum_j abs(tau_j*omega_j); five commanded joints,entire observed episode including followup when successful,False
H2,record-1b0aca3d934828d9,depth,0,front,910003,1010003,True,dwell_complete,527,220.314,0.20000000000000015,26.551999999996163,26.351999999996274,13176,24.543999999997276,487,2.007999999998887,True,283.03796237089534,285.31555408023894,287.59314578958487,76.29769041645012,283.03796308839316,285.31556116343944,287.5931592384851,ddc318339196d7a6305b2f2d42752f0eb57162442c6ee74f982dc6919a0ae9f9,4ccf152e2e08a3c91a2022d6e9f6cd71dd5edeb69e9e4ee120f42ffd45f3cf81,3758f231bc0c06d2e5096a5559be1d92139a4413accf34eeae15dd168b25b182,env910003,0.0019999999999997173,withheld-source-39ad42c2635b86f71e3d,withheld-source-d2db6e7f6c3ce744f81f,policy-rate nominal 20Hz; use sim_time_s,max_t sum_j abs(tau_j*omega_j); five commanded joints,entire observed episode including followup when successful,False
H2,record-1b0aca3d934828d9,depth,0,front,910004,1010004,False,max_steps,2000,873.059,0.20000000000000015,100.20199999994787,100.00199999994834,50001,,,0.0,False,298.191949709471,300.4856359076529,302.7793221058526,83.35482202651819,298.19195119275804,300.4856671702713,302.77938314779635,fdd121d8ab335f7be0e9a4c58ff05d7046071c5b88cbd19e6df79c6f251dee62,4ccf152e2e08a3c91a2022d6e9f6cd71dd5edeb69e9e4ee120f42ffd45f3cf81,da63b56839d84e9de00bca21733b8b341c526f39c7d5f896306fa2ca8baaedd1,env910004,0.001999999999998967,withheld-source-39ad42c2635b86f71e3d,withheld-source-7e5be4698698e0fc2a11,policy-rate nominal 20Hz; use sim_time_s,max_t sum_j abs(tau_j*omega_j); five commanded joints,entire observed episode including followup when successful,False
H2,record-1b0aca3d934828d9,depth,0,front,910005,1010005,True,dwell_complete,903,388.045,0.20000000000000015,45.35200000000946,45.15200000000922,22576,43.32800000000699,863,2.0240000000024736,True,263.5211714174447,265.63745245570317,267.7537334939591,76.79216442883235,263.5211720640554,265.63746591992145,267.7537597757841,3bf690454578c06ca029e7286a4a968f56a5eab6d1f4135d8abccc8833953d6f,4ccf152e2e08a3c91a2022d6e9f6cd71dd5edeb69e9e4ee120f42ffd45f3cf81,3f87324551785032d9e793d6371b97166be85faee474f171ff96246e443276ab,env910005,0.002000000000000408,withheld-source-39ad42c2635b86f71e3d,withheld-source-4506bceac9fd8b6ac89a,policy-rate nominal 20Hz; use sim_time_s,max_t sum_j abs(tau_j*omega_j); five commanded joints,entire observed episode including followup when successful,False
H2,record-ca497d605734f51a,rgb,1,front,920001,1020001,True,dwell_complete,704,295.652,0.20000000000000015,35.4019999999973,35.20199999999706,17601,33.375999999994825,664,2.026000000002476,True,257.72169518921015,261.2118481322852,264.70200107535834,57.624288612140404,257.72169590535185,261.21185717545535,264.70201844555936,d11ae8a0112d9c5e165fb98e3a1d8d04d75c223890420b2ef33fb9fa6a2fd4a2,bb415d715177cc98c69f65cbcd41425989f2ee06055139e688625932233de5a8,842db8654476c5368f089de76e129c7ac309a10ead237f4c4370026a963e9702,env920001,0.0019999999999998326,withheld-source-3cd5beda34d057879741,withheld-source-12fde2aaa65cbe8243d2,policy-rate nominal 20Hz; use sim_time_s,max_t sum_j abs(tau_j*omega_j); five commanded joints,entire observed episode including followup when successful,False
H2,record-ca497d605734f51a,rgb,1,front,920002,1020002,True,dwell_complete,582,252.55,0.20000000000000015,29.30199999999464,29.10199999999475,14551,27.283999999995757,542,2.0179999999988816,True,241.7057866158597,243.36948816678884,245.03318971771762,69.51450888879626,241.7057871312795,243.36949669915683,245.0332062670334,cf15eccf3de4b959d54939750456ca0fee469e8d6ddeb8c5eb362b1ef0e7721e,bb415d715177cc98c69f65cbcd41425989f2ee06055139e688625932233de5a8,d9c10c2cc1ec2903720de00b1200a363a62f182e0aba579cb2b01c42d16f9010,env920002,0.0019999999999996392,withheld-source-3cd5beda34d057879741,withheld-source-af364c34c801fb082890,policy-rate nominal 20Hz; use sim_time_s,max_t sum_j abs(tau_j*omega_j); five commanded joints,entire observed episode including followup when successful,False
H2,record-ca497d605734f51a,rgb,1,front,920003,1020003,False,max_steps,2000,842.804,0.20000000000000015,100.20199999994787,100.00199999994834,50001,,,0.0,False,282.27097755153017,287.19737743412975,292.12377731672376,66.48514841194229,282.27098542330634,287.19747393643956,292.12396244957193,37aa2795336e5db47376762147512179a4aed24a848ff1b2992f846628449dae,bb415d715177cc98c69f65cbcd41425989f2ee06055139e688625932233de5a8,3d32f5fecf7c862c51f924e92b4385c8c8d5d5741c206f9ad7b92631d9d0b57a,env920003,0.001999999999998967,withheld-source-3cd5beda34d057879741,withheld-source-17b575e98e1baf11ccb4,policy-rate nominal 20Hz; use sim_time_s,max_t sum_j abs(tau_j*omega_j); five commanded joints,entire observed episode including followup when successful,False
H2,record-ca497d605734f51a,rgb,1,front,920004,1020004,True,dwell_complete,379,163.144,0.20000000000000015,19.152000000000264,18.952000000000375,9476,17.12000000000139,339,2.031999999998874,True,245.66822071132398,247.3246595777883,248.98109844425264,69.5128784300659,245.66822297089575,247.32467372977518,248.981124488656,8e3d2d3dda40126e508ad133bd7010e501b6626ce1c36d279b1181a8edd2f235,bb415d715177cc98c69f65cbcd41425989f2ee06055139e688625932233de5a8,3b76a566d3d767279da595efec1038146d0b930380a2051ea7bd5cb5e5d64b5f,env920004,0.0020000000000000395,withheld-source-3cd5beda34d057879741,withheld-source-7ca2bd2d6a068ddc0847,policy-rate nominal 20Hz; use sim_time_s,max_t sum_j abs(tau_j*omega_j); five commanded joints,entire observed episode including followup when successful,False
H2,record-ca497d605734f51a,rgb,1,front,920005,1020005,False,max_steps,2000,828.33,0.20000000000000015,100.20199999994787,100.00199999994834,50001,,,0.0,False,283.100502599978,289.91822813595024,296.73595367193866,59.77099158514797,283.1005072070199,289.9183006322242,296.73609405744065,5defe9908d56344b4c01ba8c7011cc10aa32cf5607536d91697675ed43d39202,bb415d715177cc98c69f65cbcd41425989f2ee06055139e688625932233de5a8,88ae5c821044890aacc92cf069521604ed7b359d187d74100ae16d5d912d37b4,env920005,0.001999999999998967,withheld-source-3cd5beda34d057879741,withheld-source-ce19e90a8887b0f7a1e2,policy-rate nominal 20Hz; use sim_time_s,max_t sum_j abs(tau_j*omega_j); five commanded joints,entire observed episode including followup when successful,False
H2,record-7373b417627c8ac3,depth,1,front,920001,1020001,True,dwell_complete,486,205.269,0.20000000000000015,24.5019999999973,24.30199999999741,12151,22.451999999998435,445,2.049999999998864,True,275.29429298530073,277.31385175935105,279.3334105333995,77.5285235050391,275.2942932886529,277.3138580493005,279.3334228099466,d11ae8a0112d9c5e165fb98e3a1d8d04d75c223890420b2ef33fb9fa6a2fd4a2,fb494e5ac89a66eba5f7378fa57979240f73b8c2580f1ee763dc27f9983e820b,6f622b862de899a10acb8ac583fbc2b5344b032176930acb6d62d204bd182f38,env920001,0.0019999999999997867,withheld-source-bfea810a81736d71c05f,withheld-source-e0ab5991d3d52cd00288,policy-rate nominal 20Hz; use sim_time_s,max_t sum_j abs(tau_j*omega_j); five commanded joints,entire observed episode including followup when successful,False
H2,record-7373b417627c8ac3,depth,1,front,920002,1020002,True,dwell_complete,399,173.9,0.20000000000000015,20.15199999999971,19.95199999999982,9976,18.120000000000836,359,2.031999999998874,True,246.14264189987136,247.33322447815286,248.52380705643805,71.69954196952551,246.1426420960804,247.33322826242963,248.52381442877999,cf15eccf3de4b959d54939750456ca0fee469e8d6ddeb8c5eb362b1ef0e7721e,fb494e5ac89a66eba5f7378fa57979240f73b8c2580f1ee763dc27f9983e820b,0bda89a2f7bf25d994f361ffde0f8c6d854546396230fee69f61c1722f0f904d,env920002,0.001999999999999982,withheld-source-bfea810a81736d71c05f,withheld-source-119fa4ceb5fa2ced2649,policy-rate nominal 20Hz; use sim_time_s,max_t sum_j abs(tau_j*omega_j); five commanded joints,entire observed episode including followup when successful,False
H2,record-7373b417627c8ac3,depth,1,front,920003,1020003,True,dwell_complete,324,137.039,0.20000000000000015,16.402000000001788,16.2020000000019,8101,14.354000000001463,283,2.048000000000325,True,278.6969122897265,280.16701525323776,281.63711821674974,76.39182611274299,278.6969124857797,280.16701898378574,281.6371254817927,37aa2795336e5db47376762147512179a4aed24a848ff1b2992f846628449dae,fb494e5ac89a66eba5f7378fa57979240f73b8c2580f1ee763dc27f9983e820b,e455c701e70b461b2a40ca7719c2b533fee6ed95a76d7a81d48b4e3ce18fbada,env920003,0.0020000000000002342,withheld-source-bfea810a81736d71c05f,withheld-source-e1703f201b14319e97fc,policy-rate nominal 20Hz; use sim_time_s,max_t sum_j abs(tau_j*omega_j); five commanded joints,entire observed episode including followup when successful,False
H2,record-7373b417627c8ac3,depth,1,front,920004,1020004,True,dwell_complete,378,164.65,0.20000000000000015,19.10200000000029,18.902000000000402,9451,17.090000000001407,338,2.011999999998885,True,246.85764293328052,248.16465024257857,249.47165755187763,70.30210753549322,246.8576449774914,248.1646686037409,249.47169222999187,8e3d2d3dda40126e508ad133bd7010e501b6626ce1c36d279b1181a8edd2f235,fb494e5ac89a66eba5f7378fa57979240f73b8c2580f1ee763dc27f9983e820b,4368ae19885fc76e35ea884766f4026cad680f309ea27a89caa726090f7b71d1,env920004,0.0020000000000000425,withheld-source-bfea810a81736d71c05f,withheld-source-be30a45131a59aa2d3e8,policy-rate nominal 20Hz; use sim_time_s,max_t sum_j abs(tau_j*omega_j); five commanded joints,entire observed episode including followup when successful,False
H2,record-7373b417627c8ac3,depth,1,front,920005,1020005,True,dwell_complete,1521,643.759,0.20000000000000015,76.25200000000369,76.05200000000416,38026,74.21800000000843,1481,2.0339999999952596,True,274.0670063439023,277.5695546287486,281.072102913604,71.61120809942794,274.0670067422993,277.5695614580764,281.07211617385116,5defe9908d56344b4c01ba8c7011cc10aa32cf5607536d91697675ed43d39202,fb494e5ac89a66eba5f7378fa57979240f73b8c2580f1ee763dc27f9983e820b,0a6f79ec37bc49dfc2f03844dec321aabadea9b68f993e8931303e2994e3c9c8,env920005,0.0020000000000001093,withheld-source-bfea810a81736d71c05f,withheld-source-d37806c108514f99a65f,policy-rate nominal 20Hz; use sim_time_s,max_t sum_j abs(tau_j*omega_j); five commanded joints,entire observed episode including followup when successful,False
H2,record-2d0a55b7afdd2411,rgb,2,front,930001,1030001,True,dwell_complete,1335,592.45,0.20000000000000015,66.95200000002536,66.75200000002583,33376,64.92400000003009,1295,2.0279999999952736,True,276.44891053559894,281.1852129609156,285.9215153862325,62.696414760849734,276.4489123434684,281.18524874335526,285.9215851432386,8430cfa691cdd795822068568a5f2438d9ed03dc1c1ac7909abd34e280a928cd,1952cb0096eb854f1f7db24dc19e27344ebcc2769b3e41b61aaf29df78d545a9,b090fa0ceab15ff827dc16caa089d29604cd0e8914d872a6b3518094cae43823,env930001,0.0020000000000007737,withheld-source-0077259c71d9881819e5,withheld-source-e409cd6dfc7b2a75feab,policy-rate nominal 20Hz; use sim_time_s,max_t sum_j abs(tau_j*omega_j); five commanded joints,entire observed episode including followup when successful,False
H2,record-2d0a55b7afdd2411,rgb,2,front,930002,1030002,True,dwell_complete,1120,488.23,0.20000000000000015,56.20200000002272,56.00200000002248,28001,54.200000000020275,1080,2.0020000000024467,True,305.42216461762564,311.0719933885873,316.72182215956013,68.89865880144733,305.4221663366885,311.0720263236764,316.7218863106669,ffb26a930def74a44e33c179719b453876991433850e5254a1e69a80859183f3,1952cb0096eb854f1f7db24dc19e27344ebcc2769b3e41b61aaf29df78d545a9,c990ceb5e825374c0e17690fd93a850ddf09e7b58a92a44bfadf94ffc28adc72,env930002,0.002000000000000803,withheld-source-0077259c71d9881819e5,withheld-source-319bed353d72a5381c52,policy-rate nominal 20Hz; use sim_time_s,max_t sum_j abs(tau_j*omega_j); five commanded joints,entire observed episode including followup when successful,False
H2,record-cd2c51f873cdaf7e,depth,2,front,930001,1030001,True,dwell_complete,590,262.218,0.20000000000000015,29.701999999994417,29.501999999994528,14751,27.65799999999555,550,2.043999999998867,True,254.6494884441262,257.5731332262929,260.49677800845933,62.440991346745705,254.64948930835584,257.573150423955,260.4968115395519,8430cfa691cdd795822068568a5f2438d9ed03dc1c1ac7909abd34e280a928cd,8bd93d8d8a96e4d6c2260218373fea7747143158b6fd5601434dff03b73d73a9,5af0aa23787e1e6a3d80db089324e1ff0ae04f0c1379321c39de7b2e79a583b2,env930001,0.001999999999999629,withheld-source-15ca951f979c7bd39346,withheld-source-c69b391561249cf8307c,policy-rate nominal 20Hz; use sim_time_s,max_t sum_j abs(tau_j*omega_j); five commanded joints,entire observed episode including followup when successful,False
H2,record-cd2c51f873cdaf7e,depth,2,front,930002,1030002,True,dwell_complete,652,286.018,0.20000000000000015,32.80199999999412,32.60199999999388,16301,30.78199999999382,612,2.020000000000305,True,271.4825067454962,276.80833263703494,282.1341585285697,70.03238391191299,271.4825073535957,276.8083445670884,282.13418178058174,ffb26a930def74a44e33c179719b453876991433850e5254a1e69a80859183f3,8bd93d8d8a96e4d6c2260218373fea7747143158b6fd5601434dff03b73d73a9,5dfce11e568301066070bb09778ff9e0b7176e2fdf14e777d21f495d000c395e,env930002,0.0019999999999996245,withheld-source-15ca951f979c7bd39346,withheld-source-57385d03cc61c4195eae,policy-rate nominal 20Hz; use sim_time_s,max_t sum_j abs(tau_j*omega_j); five commanded joints,entire observed episode including followup when successful,False
H2,record-5c8f9a5e309d3a8d,rgb,0,head,910001,1010001,True,dwell_complete,438,194.911,0.20000000000000015,22.10199999999863,21.90199999999874,10951,20.085999999999746,398,2.0159999999988827,True,225.20299418905472,227.60384257645364,230.0046909638516,65.99381092279255,225.20299468005925,227.60385079415514,230.00470690824798,f48661ba80c5f98211db04d4f399f6f50957e68ee672ff6646b340acc11f311f,3f0e8be1f39f5c1e2119b4160bf755ee036f8c5eda2862e86a95e67d543a350d,525fac36a03701fe0d7223fcdfee5ca0000f1dab9fb5c9ba892fba1a82172241,env910001,0.001999999999999885,withheld-source-444dfb1a42da3ecc0dde,withheld-source-4b95de775ccc67b3cb89,policy-rate nominal 20Hz; use sim_time_s,max_t sum_j abs(tau_j*omega_j); five commanded joints,entire observed episode including followup when successful,False
H2,record-5c8f9a5e309d3a8d,rgb,0,head,910002,1010002,True,dwell_complete,309,132.935,0.20000000000000015,15.652000000001896,15.45200000000183,7726,13.640000000001224,269,2.012000000000672,True,250.1750759607036,252.414496708525,254.65391745634633,71.79528528374578,250.17507610628414,252.41449742551478,254.65391874474656,a7696ed5196750ed2066332002bedf59f314d43ac62e72df12bbc0bf1fb77a7f,3f0e8be1f39f5c1e2119b4160bf755ee036f8c5eda2862e86a95e67d543a350d,bf690fad23b9d31823ac80804875281e62332ed1fb1a9d1d21f476dca2549a56,env910002,0.002000000000000237,withheld-source-444dfb1a42da3ecc0dde,withheld-source-206391e35bafe156f120,policy-rate nominal 20Hz; use sim_time_s,max_t sum_j abs(tau_j*omega_j); five commanded joints,entire observed episode including followup when successful,False
H2,record-5c8f9a5e309d3a8d,rgb,0,head,910003,1010003,True,dwell_complete,416,170.983,0.20000000000000015,21.00199999999924,20.80199999999935,10401,18.972000000000364,376,2.029999999998875,True,269.71237471910814,272.2451738144435,274.77797290978043,66.60714233780206,269.71237500503196,272.24517760713377,274.77798020923314,ddc318339196d7a6305b2f2d42752f0eb57162442c6ee74f982dc6919a0ae9f9,3f0e8be1f39f5c1e2119b4160bf755ee036f8c5eda2862e86a95e67d543a350d,78649fa0308707f71f68cf6bc37afb6b0d59112901e9748b8a0610ba6f834f34,env910003,0.0019999999999999376,withheld-source-444dfb1a42da3ecc0dde,withheld-source-038016b1e2b423ab2678,policy-rate nominal 20Hz; use sim_time_s,max_t sum_j abs(tau_j*omega_j); five commanded joints,entire observed episode including followup when successful,False
H2,record-5c8f9a5e309d3a8d,rgb,0,head,910004,1010004,True,dwell_complete,386,164.537,0.20000000000000015,19.50200000000007,19.30200000000018,9651,17.49800000000118,346,2.0039999999988893,True,237.2388877020849,240.0774307470252,242.9159737919688,82.59511437409562,237.2388879248699,240.07743454012112,242.91598115537008,fdd121d8ab335f7be0e9a4c58ff05d7046071c5b88cbd19e6df79c6f251dee62,3f0e8be1f39f5c1e2119b4160bf755ee036f8c5eda2862e86a95e67d543a350d,dc007498fe46d9c6edb41572d4d1b144c3fbb183afeb85727346a402e6a8d668,env910004,0.0020000000000000187,withheld-source-444dfb1a42da3ecc0dde,withheld-source-8a54d701e9fe1173f2cb,policy-rate nominal 20Hz; use sim_time_s,max_t sum_j abs(tau_j*omega_j); five commanded joints,entire observed episode including followup when successful,False
H2,record-5c8f9a5e309d3a8d,rgb,0,head,910005,1010005,True,dwell_complete,610,258.084,0.20000000000000015,30.701999999993863,30.501999999993973,15251,28.68799999999498,570,2.013999999998884,True,244.71275260644907,248.78986776724946,252.86698292805272,70.4850034536526,244.71275343421098,248.78988694213436,252.8670204500544,3bf690454578c06ca029e7286a4a968f56a5eab6d1f4135d8abccc8833953d6f,3f0e8be1f39f5c1e2119b4160bf755ee036f8c5eda2862e86a95e67d543a350d,f1630df39e2ab0e49b756ce34138ad0af77917387bcc1f8906ea776f93f510cf,env910005,0.001999999999999605,withheld-source-444dfb1a42da3ecc0dde,withheld-source-bbdea6c71ddbcac1a5b8,policy-rate nominal 20Hz; use sim_time_s,max_t sum_j abs(tau_j*omega_j); five commanded joints,entire observed episode including followup when successful,False
H2,record-fdfcf6f93bc75a30,depth,0,head,910001,1010001,True,dwell_complete,840,381.241,0.20000000000000015,42.20200000000561,42.00200000000537,21001,40.19400000000316,800,2.008000000002454,True,222.696604592433,226.5830428056054,230.46948101878033,61.84977542641988,222.69660517863576,226.58305276114015,230.46950034364633,f48661ba80c5f98211db04d4f399f6f50957e68ee672ff6646b340acc11f311f,4ccf152e2e08a3c91a2022d6e9f6cd71dd5edeb69e9e4ee120f42ffd45f3cf81,419d1d7dac5c394376118c29bca9ced351e2df6cea926ac9a7c4a7de5067fe04,env910001,0.0020000000000002555,withheld-source-597e2781ed787ee375ec,withheld-source-d3f31e07491ef913c36a,policy-rate nominal 20Hz; use sim_time_s,max_t sum_j abs(tau_j*omega_j); five commanded joints,entire observed episode including followup when successful,False
H2,record-fdfcf6f93bc75a30,depth,0,head,910002,1010002,True,dwell_complete,838,370.367,0.20000000000000015,42.10200000000549,41.902000000005245,20951,40.07600000000301,798,2.026000000002476,True,250.8895445640255,255.48898154537852,260.0884185267311,70.8525563398705,250.88954516857697,255.4889937227507,260.0884422769222,a7696ed5196750ed2066332002bedf59f314d43ac62e72df12bbc0bf1fb77a7f,4ccf152e2e08a3c91a2022d6e9f6cd71dd5edeb69e9e4ee120f42ffd45f3cf81,c8ebb8f583577d374b13dce88d39dae97706e7395aae8aa23c4c17da75cbd768,env910002,0.0020000000000002503,withheld-source-597e2781ed787ee375ec,withheld-source-b8993ff042684056dcdd,policy-rate nominal 20Hz; use sim_time_s,max_t sum_j abs(tau_j*omega_j); five commanded joints,entire observed episode including followup when successful,False
H2,record-fdfcf6f93bc75a30,depth,0,head,910003,1010003,True,dwell_complete,420,174.993,0.20000000000000015,21.201999999999128,21.00199999999924,10501,19.15600000000026,380,2.045999999998866,True,276.61729657451707,278.71185304603614,280.80640951755794,75.4094112489355,276.6172967127499,278.7118552319017,280.80641375105415,ddc318339196d7a6305b2f2d42752f0eb57162442c6ee74f982dc6919a0ae9f9,4ccf152e2e08a3c91a2022d6e9f6cd71dd5edeb69e9e4ee120f42ffd45f3cf81,83067d24f2386f2377a4f67ff046daa934e5a8d6420a1c7d28dc8571b5da3dd6,env910003,0.0019999999999999276,withheld-source-597e2781ed787ee375ec,withheld-source-4d0bf89a28f3a10abf68,policy-rate nominal 20Hz; use sim_time_s,max_t sum_j abs(tau_j*omega_j); five commanded joints,entire observed episode including followup when successful,False
H2,record-fdfcf6f93bc75a30,depth,0,head,910004,1010004,True,dwell_complete,482,208.607,0.20000000000000015,24.30199999999741,24.10199999999752,12051,22.257999999998543,442,2.043999999998867,True,236.30754189002528,239.62745140263522,242.94736091524294,75.59377853320393,236.30754215522995,239.62745549104577,242.94736882686152,fdd121d8ab335f7be0e9a4c58ff05d7046071c5b88cbd19e6df79c6f251dee62,4ccf152e2e08a3c91a2022d6e9f6cd71dd5edeb69e9e4ee120f42ffd45f3cf81,d122ed89a0143f062d820311f1be570e743077563f53c9cdb5b6bb3b21ca10ec,env910004,0.001999999999999794,withheld-source-597e2781ed787ee375ec,withheld-source-c4d0469347727dd9b22b,policy-rate nominal 20Hz; use sim_time_s,max_t sum_j abs(tau_j*omega_j); five commanded joints,entire observed episode including followup when successful,False
H2,record-fdfcf6f93bc75a30,depth,0,head,910005,1010005,True,dwell_complete,853,365.217,0.20000000000000015,42.852000000006406,42.65200000000616,21326,40.84200000000395,813,2.0100000000024565,True,270.6261153941451,275.5683172832662,280.51051917238806,93.65472720950173,270.6261175121761,275.5683381703714,280.5105588285658,3bf690454578c06ca029e7286a4a968f56a5eab6d1f4135d8abccc8833953d6f,4ccf152e2e08a3c91a2022d6e9f6cd71dd5edeb69e9e4ee120f42ffd45f3cf81,03eb2c96b8346e159f55fc07cf29dc1b0149eec2fbe82b1c39dedd75aae15986,env910005,0.002000000000000289,withheld-source-597e2781ed787ee375ec,withheld-source-422584eadf92898e3a9f,policy-rate nominal 20Hz; use sim_time_s,max_t sum_j abs(tau_j*omega_j); five commanded joints,entire observed episode including followup when successful,False
H2,record-9c89ca79420b0c8b,rgb,1,head,920001,1020001,True,dwell_complete,408,168.196,0.20000000000000015,20.60199999999946,20.40199999999957,10201,18.590000000000575,368,2.011999999998885,True,272.5765365942618,274.85800612185625,277.13947564944783,82.45909363460824,272.57653832137754,274.8580235721314,277.13950882288157,d11ae8a0112d9c5e165fb98e3a1d8d04d75c223890420b2ef33fb9fa6a2fd4a2,bb415d715177cc98c69f65cbcd41425989f2ee06055139e688625932233de5a8,ae0672ca5a2ac60e4be924b29093fd3c7051dae9fa520b834d0c8439596abfef,env920001,0.001999999999999958,withheld-source-cfe3e3b26d105a319580,withheld-source-d030d3d091ecebf33c10,policy-rate nominal 20Hz; use sim_time_s,max_t sum_j abs(tau_j*omega_j); five commanded joints,entire observed episode including followup when successful,False
H2,record-9c89ca79420b0c8b,rgb,1,head,920002,1020002,True,dwell_complete,404,171.98,0.20000000000000015,20.40199999999957,20.201999999999682,10101,18.354000000000706,363,2.047999999998865,True,236.24669065923544,238.35748188072031,240.4682731022071,68.52673866460671,236.2466907876288,238.3574851987788,240.46827960993141,cf15eccf3de4b959d54939750456ca0fee469e8d6ddeb8c5eb362b1ef0e7721e,bb415d715177cc98c69f65cbcd41425989f2ee06055139e688625932233de5a8,9274a076842cb9547ece7262bdaab8c20bbbf424945aec5426b7679e23fdbf47,env920002,0.0019999999999999684,withheld-source-cfe3e3b26d105a319580,withheld-source-7f4ce947cb6eadc85e88,policy-rate nominal 20Hz; use sim_time_s,max_t sum_j abs(tau_j*omega_j); five commanded joints,entire observed episode including followup when successful,False
H2,record-9c89ca79420b0c8b,rgb,1,head,920003,1020003,True,dwell_complete,338,142.386,0.20000000000000015,17.1020000000014,16.90200000000151,8451,15.098000000001711,298,2.0039999999996887,True,290.61382812433305,292.0383291195077,293.46283011468165,88.79381556777854,290.6138296996552,292.03834537359234,293.46286104753074,37aa2795336e5db47376762147512179a4aed24a848ff1b2992f846628449dae,bb415d715177cc98c69f65cbcd41425989f2ee06055139e688625932233de5a8,8c6f12773773664bb718d61596dd7890d11cefcfcd4b639a9e2ad1886d6b1247,env920003,0.0020000000000001787,withheld-source-cfe3e3b26d105a319580,withheld-source-470ac6b19b420e05d0c8,policy-rate nominal 20Hz; use sim_time_s,max_t sum_j abs(tau_j*omega_j); five commanded joints,entire observed episode including followup when successful,False
H2,record-9c89ca79420b0c8b,rgb,1,head,920004,1020004,True,dwell_complete,335,141.839,0.20000000000000015,16.952000000001483,16.752000000001594,8376,14.948000000001661,295,2.003999999999822,True,244.42060646181866,245.7228677765524,247.0251290912858,69.13371853187408,244.42060694148586,245.72287629230624,247.02514564312906,8e3d2d3dda40126e508ad133bd7010e501b6626ce1c36d279b1181a8edd2f235,bb415d715177cc98c69f65cbcd41425989f2ee06055139e688625932233de5a8,9f9a6a05ac09c7d9e7f58c34097e137d351a1fa5135e5a2f8a5e3e9251a55941,env920004,0.0020000000000001904,withheld-source-cfe3e3b26d105a319580,withheld-source-a9943462c353af7ed381,policy-rate nominal 20Hz; use sim_time_s,max_t sum_j abs(tau_j*omega_j); five commanded joints,entire observed episode including followup when successful,False
H2,record-9c89ca79420b0c8b,rgb,1,head,920005,1020005,False,max_steps,2000,826.454,0.20000000000000015,100.20199999994787,100.00199999994834,50001,,,0.0,False,314.2801603505922,323.3250302544016,332.3699001582183,74.58759404532108,314.2801646415832,323.32508965889474,332.3700146762082,5defe9908d56344b4c01ba8c7011cc10aa32cf5607536d91697675ed43d39202,bb415d715177cc98c69f65cbcd41425989f2ee06055139e688625932233de5a8,5c94e7c55fabe28edd30ec7fb73149f1de465bc190105ead143a18e509d0b866,env920005,0.001999999999998967,withheld-source-cfe3e3b26d105a319580,withheld-source-46b5124c2515d1232620,policy-rate nominal 20Hz; use sim_time_s,max_t sum_j abs(tau_j*omega_j); five commanded joints,entire observed episode including followup when successful,False
H2,record-28eac5775f9b8d28,depth,1,head,920001,1020001,True,dwell_complete,455,190.777,0.20000000000000015,22.951999999998158,22.75199999999827,11376,20.937999999999274,415,2.013999999998884,True,264.56475179130945,266.9713601199395,269.3779684485685,72.84263221347504,264.56475190660217,266.97136239394746,269.377972881292,d11ae8a0112d9c5e165fb98e3a1d8d04d75c223890420b2ef33fb9fa6a2fd4a2,fb494e5ac89a66eba5f7378fa57979240f73b8c2580f1ee763dc27f9983e820b,753be3b2f86adac512d5ec2501a990a310c94cb61634ba9459ba9d83dafa9b1d,env920001,0.001999999999999848,withheld-source-82b390705fbc74c78862,withheld-source-7a6d04c83b439c7217e1,policy-rate nominal 20Hz; use sim_time_s,max_t sum_j abs(tau_j*omega_j); five commanded joints,entire observed episode including followup when successful,False
H2,record-28eac5775f9b8d28,depth,1,head,920002,1020002,True,dwell_complete,495,213.327,0.20000000000000015,24.95199999999705,24.75199999999716,12376,22.94599999999816,455,2.0059999999988882,True,228.16237553747084,230.5166847886476,232.8709940398223,66.23346720692521,228.1623758698546,230.51669201217362,232.8710081544891,cf15eccf3de4b959d54939750456ca0fee469e8d6ddeb8c5eb362b1ef0e7721e,fb494e5ac89a66eba5f7378fa57979240f73b8c2580f1ee763dc27f9983e820b,65f73302c55cc8e8716f800a959e358f2f28e4e6b6a16745dbbebbfa3a37e07b,env920002,0.0019999999999997706,withheld-source-82b390705fbc74c78862,withheld-source-1b72aa30ee6bfcffb8e3,policy-rate nominal 20Hz; use sim_time_s,max_t sum_j abs(tau_j*omega_j); five commanded joints,entire observed episode including followup when successful,False
H2,record-28eac5775f9b8d28,depth,1,head,920003,1020003,True,dwell_complete,539,228.008,0.20000000000000015,27.15199999999583,26.95199999999594,13476,25.125999999996953,499,2.025999999998877,True,284.32422821068985,286.0622256279454,287.8002230452017,87.27073736974373,284.32422839915654,286.0622276517246,287.80022690429894,37aa2795336e5db47376762147512179a4aed24a848ff1b2992f846628449dae,fb494e5ac89a66eba5f7378fa57979240f73b8c2580f1ee763dc27f9983e820b,a3fb1298faea3f9e0de3d3525a301a4e1343d63e51b0f87105eea3a782e95295,env920003,0.0019999999999996986,withheld-source-82b390705fbc74c78862,withheld-source-196fb3a0d84cddccf386,policy-rate nominal 20Hz; use sim_time_s,max_t sum_j abs(tau_j*omega_j); five commanded joints,entire observed episode including followup when successful,False
H2,record-28eac5775f9b8d28,depth,1,head,920004,1020004,True,dwell_complete,357,153.746,0.20000000000000015,18.052000000000874,17.852000000000984,8926,16.012000000002004,317,2.0399999999988694,True,231.47675481411434,233.76971519130686,236.06267556850187,54.11572123765286,231.47675513433677,233.76971745382994,236.0626797733251,8e3d2d3dda40126e508ad133bd7010e501b6626ce1c36d279b1181a8edd2f235,fb494e5ac89a66eba5f7378fa57979240f73b8c2580f1ee763dc27f9983e820b,26cb2b4a04cd96787600be2bb1733d4e4eb46c82175d870e623ee0221db302fb,env920004,0.00200000000000011,withheld-source-82b390705fbc74c78862,withheld-source-fc5460ac7560b25541a6,policy-rate nominal 20Hz; use sim_time_s,max_t sum_j abs(tau_j*omega_j); five commanded joints,entire observed episode including followup when successful,False
H2,record-28eac5775f9b8d28,depth,1,head,920005,1020005,True,dwell_complete,605,251.392,0.20000000000000015,30.451999999994,30.251999999994112,15126,28.445999999995113,565,2.0059999999988882,True,268.6128453160751,270.96609687751817,273.3193484389625,72.68651798011199,268.6128448525787,270.96610344177253,273.31936203096757,5defe9908d56344b4c01ba8c7011cc10aa32cf5607536d91697675ed43d39202,fb494e5ac89a66eba5f7378fa57979240f73b8c2580f1ee763dc27f9983e820b,93b1df69784ac539affe2af9d6998a207ba8bfa1ace54f183afef1a8d442be43,env920005,0.0019999999999996106,withheld-source-82b390705fbc74c78862,withheld-source-c3d357465a01904fc650,policy-rate nominal 20Hz; use sim_time_s,max_t sum_j abs(tau_j*omega_j); five commanded joints,entire observed episode including followup when successful,False
H2,record-17c4054b8ee8a8f6,rgb,2,head,930001,1030001,True,dwell_complete,671,291.103,0.20000000000000015,33.751999999995284,33.55199999999504,16776,31.711999999993303,631,2.0400000000019816,True,255.25283530919089,257.21443732098385,259.17603933277803,45.603481468269564,255.25283535965184,257.2144376721956,259.17603998474215,8430cfa691cdd795822068568a5f2438d9ed03dc1c1ac7909abd34e280a928cd,1952cb0096eb854f1f7db24dc19e27344ebcc2769b3e41b61aaf29df78d545a9,6692e185431e10642d0b30d7dab423e3698a884b375e6afa9e82a6caf5aee414,env930001,0.0019999999999997043,withheld-source-fbd9f9fd66d1aa14888e,withheld-source-19afcb020a22d62e8b34,policy-rate nominal 20Hz; use sim_time_s,max_t sum_j abs(tau_j*omega_j); five commanded joints,entire observed episode including followup when successful,False
H2,record-17c4054b8ee8a8f6,rgb,2,head,930002,1030002,False,max_steps,2000,863.158,0.20000000000000015,100.20199999994787,100.00199999994834,50001,,,0.0,False,339.8475640048881,348.29075973090323,356.7339554569012,62.386423633504876,339.8475647892615,348.2907760991402,356.7339874090131,ffb26a930def74a44e33c179719b453876991433850e5254a1e69a80859183f3,1952cb0096eb854f1f7db24dc19e27344ebcc2769b3e41b61aaf29df78d545a9,33e72c2d3ff2c96dc156ce7236155a52e3ba5a248ccca31ff48fecfddcbc2a26,env930002,0.001999999999998967,withheld-source-fbd9f9fd66d1aa14888e,withheld-source-74256c941d7b9d407b36,policy-rate nominal 20Hz; use sim_time_s,max_t sum_j abs(tau_j*omega_j); five commanded joints,entire observed episode including followup when successful,False
H2,record-132abf453217df7c,depth,2,head,930001,1030001,True,dwell_complete,600,263.658,0.20000000000000015,30.20199999999414,30.00199999999425,15001,28.19999999999525,560,2.0019999999988904,True,238.69199520561293,241.35025514252294,244.00851507943162,45.661564847771615,238.69199562058864,241.3502610783827,244.00852653617804,8430cfa691cdd795822068568a5f2438d9ed03dc1c1ac7909abd34e280a928cd,8bd93d8d8a96e4d6c2260218373fea7747143158b6fd5601434dff03b73d73a9,f145a4ee28104a426352429c2aecfc586efa2663cba6042c330a0fc7241e8003,env930001,0.0019999999999996167,withheld-source-981e3267cc73a2a49d63,withheld-source-93eef4ce3813ff6a8245,policy-rate nominal 20Hz; use sim_time_s,max_t sum_j abs(tau_j*omega_j); five commanded joints,entire observed episode including followup when successful,False
H2,record-132abf453217df7c,depth,2,head,930002,1030002,True,dwell_complete,561,243.523,0.20000000000000015,28.25199999999522,28.05199999999533,14026,26.235999999996338,521,2.0159999999988827,True,253.0190167150462,256.19458984274587,259.37016297044653,61.51591583770308,253.01901715307304,256.194599731089,259.370182309105,ffb26a930def74a44e33c179719b453876991433850e5254a1e69a80859183f3,8bd93d8d8a96e4d6c2260218373fea7747143158b6fd5601434dff03b73d73a9,4a707d3aaaa75abc6b10ff52dd5e1722ef3d47138a3063d75c938ce769936224,env930002,0.001999999999999667,withheld-source-981e3267cc73a2a49d63,withheld-source-076ac85948b3863e5d44,policy-rate nominal 20Hz; use sim_time_s,max_t sum_j abs(tau_j*omega_j); five commanded joints,entire observed episode including followup when successful,False
H2,record-8b36c42401ba5028,rgb,0,side,910001,1010001,True,dwell_complete,305,133.223,0.20000000000000015,15.45200000000183,15.252000000001763,7626,13.426000000001153,265,2.0260000000006766,True,243.00728078432624,244.3233060234643,245.63933126260133,76.34564903111838,243.0072816686922,244.32331446858493,245.63934726847913,f48661ba80c5f98211db04d4f399f6f50957e68ee672ff6646b340acc11f311f,3f0e8be1f39f5c1e2119b4160bf755ee036f8c5eda2862e86a95e67d543a350d,0b1619273ab46b4ad4dc45e8825589efb8d7ba175784d7138a8f842efd11d5db,env910001,0.002000000000000231,withheld-source-dda4d73da7a312ddce0d,withheld-source-e6b27eb74c3f0076d3ce,policy-rate nominal 20Hz; use sim_time_s,max_t sum_j abs(tau_j*omega_j); five commanded joints,entire observed episode including followup when successful,False
H2,record-8b36c42401ba5028,rgb,0,side,910002,1010002,True,dwell_complete,266,112.386,0.20000000000000015,13.502000000001178,13.302000000001112,6651,11.496000000000508,226,2.00600000000067,True,256.35318133138793,257.27235596403426,258.19153059667883,74.9589292926419,256.3531813659812,257.2723563294141,258.1915312928448,a7696ed5196750ed2066332002bedf59f314d43ac62e72df12bbc0bf1fb77a7f,3f0e8be1f39f5c1e2119b4160bf755ee036f8c5eda2862e86a95e67d543a350d,5363bcc0dc3a007528942b349a1055d42b2028741ca076d25d0600fdf42572cf,env910002,0.002000000000000167,withheld-source-dda4d73da7a312ddce0d,withheld-source-56c5b717a69d03d079d9,policy-rate nominal 20Hz; use sim_time_s,max_t sum_j abs(tau_j*omega_j); five commanded joints,entire observed episode including followup when successful,False
H2,record-8b36c42401ba5028,rgb,0,side,910003,1010003,True,dwell_complete,329,132.951,0.20000000000000015,16.65200000000165,16.45200000000176,8226,14.652000000001562,289,2.000000000000087,True,285.1381763137646,286.61724449529106,288.09631267681976,78.5091965466518,285.1381774226415,286.61725301765705,288.0963286126753,ddc318339196d7a6305b2f2d42752f0eb57162442c6ee74f982dc6919a0ae9f9,3f0e8be1f39f5c1e2119b4160bf755ee036f8c5eda2862e86a95e67d543a350d,ca5dbf63590bd68b663268273c83b10e737683f5d324f75b400842e49b8f5232,env910003,0.002000000000000214,withheld-source-dda4d73da7a312ddce0d,withheld-source-ac3d31afef95265ef72e,policy-rate nominal 20Hz; use sim_time_s,max_t sum_j abs(tau_j*omega_j); five commanded joints,entire observed episode including followup when successful,False
H2,record-8b36c42401ba5028,rgb,0,side,910004,1010004,True,dwell_complete,468,196.427,0.20000000000000015,23.601999999997798,23.40199999999791,11701,21.57999999999892,428,2.0219999999988794,True,246.59196594833435,248.23538779356886,249.87880963880534,74.914913656984,246.59196626402147,248.23539349250356,249.87882072098742,fdd121d8ab335f7be0e9a4c58ff05d7046071c5b88cbd19e6df79c6f251dee62,3f0e8be1f39f5c1e2119b4160bf755ee036f8c5eda2862e86a95e67d543a350d,c229eeb74f15554e5f2a4a13e71a815e880369dff879056acf101c8ed4686e57,env910004,0.0019999999999998214,withheld-source-dda4d73da7a312ddce0d,withheld-source-d0830351863370e51618,policy-rate nominal 20Hz; use sim_time_s,max_t sum_j abs(tau_j*omega_j); five commanded joints,entire observed episode including followup when successful,False
H2,record-8b36c42401ba5028,rgb,0,side,910005,1010005,True,dwell_complete,519,216.18,0.20000000000000015,26.151999999996384,25.951999999996495,12976,24.131999999997504,479,2.0199999999988805,True,257.2734535165183,259.8823893851144,262.4913252537097,74.70727535766598,257.2734541255689,259.88240211400455,262.49135010244044,3bf690454578c06ca029e7286a4a968f56a5eab6d1f4135d8abccc8833953d6f,3f0e8be1f39f5c1e2119b4160bf755ee036f8c5eda2862e86a95e67d543a350d,bade29bfd581782e7babce58305793731ff0cf51bcc618a0e77e2ed27d3ddaf9,env910005,0.00199999999999973,withheld-source-dda4d73da7a312ddce0d,withheld-source-0b07dcaa4af77cc5944d,policy-rate nominal 20Hz; use sim_time_s,max_t sum_j abs(tau_j*omega_j); five commanded joints,entire observed episode including followup when successful,False
H2,record-d9b00327bed7737a,depth,0,side,910001,1010001,True,dwell_complete,438,192.574,0.20000000000000015,22.10199999999863,21.90199999999874,10951,20.051999999999765,397,2.049999999998864,True,250.14300828504363,252.5522594552789,254.96151062551468,78.32421359400388,250.14301121879254,252.55227592583574,254.96154063288049,f48661ba80c5f98211db04d4f399f6f50957e68ee672ff6646b340acc11f311f,4ccf152e2e08a3c91a2022d6e9f6cd71dd5edeb69e9e4ee120f42ffd45f3cf81,cd1bd1beec31ad53c944c0b2c6630d02a8bce73f4cbfc2426f6c1965065edc5c,env910001,0.001999999999999885,withheld-source-7988e548564731dc5ede,withheld-source-f9188e6f3d4a76b12a31,policy-rate nominal 20Hz; use sim_time_s,max_t sum_j abs(tau_j*omega_j); five commanded joints,entire observed episode including followup when successful,False
H2,record-d9b00327bed7737a,depth,0,side,910002,1010002,True,dwell_complete,277,118.015,0.20000000000000015,14.052000000001362,13.852000000001295,6926,12.032000000000687,237,2.0200000000006746,True,265.7896038655874,267.1316856705506,268.4737674755135,76.72485939191357,265.7896039827695,267.1316862915349,268.4737686002999,a7696ed5196750ed2066332002bedf59f314d43ac62e72df12bbc0bf1fb77a7f,4ccf152e2e08a3c91a2022d6e9f6cd71dd5edeb69e9e4ee120f42ffd45f3cf81,873711fdcecf5c40927ccaa72eefd4ad7f8bfb77fd17d594091dbff0dd485c5e,env910002,0.002000000000000187,withheld-source-7988e548564731dc5ede,withheld-source-493d90d85a87481bdda7,policy-rate nominal 20Hz; use sim_time_s,max_t sum_j abs(tau_j*omega_j); five commanded joints,entire observed episode including followup when successful,False
H2,record-d9b00327bed7737a,depth,0,side,910003,1010003,True,dwell_complete,414,168.851,0.20000000000000015,20.901999999999294,20.701999999999405,10351,18.874000000000418,374,2.027999999998876,True,296.04505574062824,297.4265803669944,298.80810499335524,81.52191790322038,296.0450559116025,297.426582676719,298.8081094418329,ddc318339196d7a6305b2f2d42752f0eb57162442c6ee74f982dc6919a0ae9f9,4ccf152e2e08a3c91a2022d6e9f6cd71dd5edeb69e9e4ee120f42ffd45f3cf81,d513b570aad77e2953567149a7b692bd9e3b99f01f9ccec4133f3c831716a30d,env910003,0.0019999999999999424,withheld-source-7988e548564731dc5ede,withheld-source-93cf8aab1fa3688b738a,policy-rate nominal 20Hz; use sim_time_s,max_t sum_j abs(tau_j*omega_j); five commanded joints,entire observed episode including followup when successful,False
H2,record-d9b00327bed7737a,depth,0,side,910004,1010004,True,dwell_complete,338,141.125,0.20000000000000015,17.1020000000014,16.90200000000151,8451,15.054000000001697,297,2.0479999999997034,True,260.03724911839015,261.90180363910076,263.76635815980984,80.2677962431117,260.03724925662766,261.90180679596165,263.7663643352958,fdd121d8ab335f7be0e9a4c58ff05d7046071c5b88cbd19e6df79c6f251dee62,4ccf152e2e08a3c91a2022d6e9f6cd71dd5edeb69e9e4ee120f42ffd45f3cf81,e266132878b548e5e03904de867eec5b911fe88b3d6285318e58d6ce3b4f1ef2,env910004,0.0020000000000001787,withheld-source-7988e548564731dc5ede,withheld-source-36fa764419da1204a9ca,policy-rate nominal 20Hz; use sim_time_s,max_t sum_j abs(tau_j*omega_j); five commanded joints,entire observed episode including followup when successful,False
H2,record-d9b00327bed7737a,depth,0,side,910005,1010005,True,dwell_complete,529,222.025,0.20000000000000015,26.651999999996107,26.451999999996218,13226,24.62399999999723,489,2.027999999998876,True,263.0454351117869,264.845648767587,266.6458624233891,76.84409386298317,263.0454356280898,264.84565989349517,266.6458841589013,3bf690454578c06ca029e7286a4a968f56a5eab6d1f4135d8abccc8833953d6f,4ccf152e2e08a3c91a2022d6e9f6cd71dd5edeb69e9e4ee120f42ffd45f3cf81,6fe792635e05e1898e29fafff2cef16f6dfb2d447860506f62d7f102aaf29865,env910005,0.0019999999999997142,withheld-source-7988e548564731dc5ede,withheld-source-11b4d9ed34a984417ad2,policy-rate nominal 20Hz; use sim_time_s,max_t sum_j abs(tau_j*omega_j); five commanded joints,entire observed episode including followup when successful,False
H2,record-feeff1e521607d7d,rgb,1,side,920001,1020001,True,dwell_complete,379,149.717,0.20000000000000015,19.152000000000264,18.952000000000375,9476,17.142000000001378,339,2.009999999998886,True,274.0563680214385,276.506756232709,278.95714444397856,77.0697483658249,274.0563680622173,276.5067567333637,278.95714540450933,d11ae8a0112d9c5e165fb98e3a1d8d04d75c223890420b2ef33fb9fa6a2fd4a2,bb415d715177cc98c69f65cbcd41425989f2ee06055139e688625932233de5a8,8e7e357d877892446fa6827a9d3fdae00611527ff2ceff2245e00a58df2a68e0,env920001,0.0020000000000000395,withheld-source-642525f4f302bfd1b121,withheld-source-2c3865ef5d1eadc65fb1,policy-rate nominal 20Hz; use sim_time_s,max_t sum_j abs(tau_j*omega_j); five commanded joints,entire observed episode including followup when successful,False
H2,record-feeff1e521607d7d,rgb,1,side,920002,1020002,True,dwell_complete,416,176.076,0.20000000000000015,21.00199999999924,20.80199999999935,10401,18.972000000000364,376,2.029999999998875,True,246.45838607783222,248.3849500373263,250.31151399682122,71.23914231731807,246.4583864068038,248.384957353933,250.31152830106467,cf15eccf3de4b959d54939750456ca0fee469e8d6ddeb8c5eb362b1ef0e7721e,bb415d715177cc98c69f65cbcd41425989f2ee06055139e688625932233de5a8,fec20693117410bc3d1b4e448da81a2e74e03b81683804f967b284eb31b10396,env920002,0.0019999999999999376,withheld-source-642525f4f302bfd1b121,withheld-source-4bbfbfecc8c4ac6dc428,policy-rate nominal 20Hz; use sim_time_s,max_t sum_j abs(tau_j*omega_j); five commanded joints,entire observed episode including followup when successful,False
H2,record-feeff1e521607d7d,rgb,1,side,920003,1020003,True,dwell_complete,398,155.55,0.20000000000000015,20.101999999999737,19.90199999999985,9951,18.066000000000866,358,2.0359999999988716,True,279.4707814957982,281.57408954562993,283.6773975954589,84.60874554774192,279.4707822704872,281.57409645696794,283.67741064344716,37aa2795336e5db47376762147512179a4aed24a848ff1b2992f846628449dae,bb415d715177cc98c69f65cbcd41425989f2ee06055139e688625932233de5a8,b1b0996175be65fd90769a92983ec1a98d2c392c2d6a3a3913b1f0583ff0d0ca,env920003,0.001999999999999985,withheld-source-642525f4f302bfd1b121,withheld-source-584d57f6c70066882c1e,policy-rate nominal 20Hz; use sim_time_s,max_t sum_j abs(tau_j*omega_j); five commanded joints,entire observed episode including followup when successful,False
H2,record-feeff1e521607d7d,rgb,1,side,920004,1020004,True,dwell_complete,434,174.501,0.20000000000000015,21.90199999999874,21.70199999999885,10851,19.885999999999857,394,2.0159999999988827,True,248.3298949096402,249.7201100508408,251.11032519204224,68.56798967614063,248.3298955908172,249.72012472395292,251.11035385708954,8e3d2d3dda40126e508ad133bd7010e501b6626ce1c36d279b1181a8edd2f235,bb415d715177cc98c69f65cbcd41425989f2ee06055139e688625932233de5a8,4ba7226f5d3385e51ab85a690c5f2a2fab3b91b8d89a109948f5008be747944e,env920004,0.0019999999999998942,withheld-source-642525f4f302bfd1b121,withheld-source-cf7ae93ccf3593c6d715,policy-rate nominal 20Hz; use sim_time_s,max_t sum_j abs(tau_j*omega_j); five commanded joints,entire observed episode including followup when successful,False
H2,record-feeff1e521607d7d,rgb,1,side,920005,1020005,True,dwell_complete,632,242.514,0.20000000000000015,31.801999999993253,31.601999999993364,15801,29.759999999994385,592,2.0419999999988683,True,263.9830680427396,266.80991668020505,269.6367653176669,70.09625885367868,263.98306855851155,266.80992544011076,269.6367823217075,5defe9908d56344b4c01ba8c7011cc10aa32cf5607536d91697675ed43d39202,bb415d715177cc98c69f65cbcd41425989f2ee06055139e688625932233de5a8,f1c0542f079fb027bffb39f46256e8688a90dda53544167b3a98560b52c75eb3,env920005,0.00199999999999958,withheld-source-642525f4f302bfd1b121,withheld-source-42dc48a9fa51f1786132,policy-rate nominal 20Hz; use sim_time_s,max_t sum_j abs(tau_j*omega_j); five commanded joints,entire observed episode including followup when successful,False
H2,record-08177babbcb9e629,depth,1,side,920001,1020001,True,dwell_complete,481,234.315,0.20000000000000015,24.251999999997437,24.05199999999755,12026,22.24199999999855,441,2.009999999998886,True,275.6929163358664,277.6936165731617,279.694316810461,78.90221558023853,275.6929165528029,277.6936214297582,279.6943263067171,d11ae8a0112d9c5e165fb98e3a1d8d04d75c223890420b2ef33fb9fa6a2fd4a2,fb494e5ac89a66eba5f7378fa57979240f73b8c2580f1ee763dc27f9983e820b,9c68222ef15e057a656a0c3d0e75357d2f0d663149ecdd3526c81aa49d99ecb3,env920001,0.001999999999999796,withheld-source-8acbc9bbf17ab30be034,withheld-source-05cf32b3f6c9b22137e0,policy-rate nominal 20Hz; use sim_time_s,max_t sum_j abs(tau_j*omega_j); five commanded joints,entire observed episode including followup when successful,False
H2,record-08177babbcb9e629,depth,1,side,920002,1020002,True,dwell_complete,623,281.938,0.20000000000000015,31.351999999993502,31.151999999993613,15576,29.331999999994622,583,2.0199999999988805,True,243.66324446172138,245.45770421273082,247.25216396374233,71.37659342161577,243.6632450429969,245.45771529513047,247.2521855472651,cf15eccf3de4b959d54939750456ca0fee469e8d6ddeb8c5eb362b1ef0e7721e,fb494e5ac89a66eba5f7378fa57979240f73b8c2580f1ee763dc27f9983e820b,c86c742ce19578d07015494cbc4dd6dab8af3a1b5e8cc1ed2322f56bfb3c9282,env920002,0.0019999999999995898,withheld-source-8acbc9bbf17ab30be034,withheld-source-0689068a61dfafa12ea8,policy-rate nominal 20Hz; use sim_time_s,max_t sum_j abs(tau_j*omega_j); five commanded joints,entire observed episode including followup when successful,False
H2,record-08177babbcb9e629,depth,1,side,920003,1020003,True,dwell_complete,313,130.921,0.20000000000000015,15.852000000001963,15.652000000001896,7826,13.812000000001282,273,2.0400000000006813,True,274.552485052638,276.4979706660219,278.44345627940424,74.17158616021028,274.5524852253289,276.497974739652,278.44346425397373,37aa2795336e5db47376762147512179a4aed24a848ff1b2992f846628449dae,fb494e5ac89a66eba5f7378fa57979240f73b8c2580f1ee763dc27f9983e820b,94dc4c6a0f0576ecfc5247cacc348cddf53c8a8a8b820d3e45a6830cb9a546a0,env920003,0.0020000000000002425,withheld-source-8acbc9bbf17ab30be034,withheld-source-a94d514f54e4f902cc77,policy-rate nominal 20Hz; use sim_time_s,max_t sum_j abs(tau_j*omega_j); five commanded joints,entire observed episode including followup when successful,False
H2,record-08177babbcb9e629,depth,1,side,920004,1020004,True,dwell_complete,517,224.544,0.20000000000000015,26.05199999999644,25.85199999999655,12926,24.033999999997558,477,2.0179999999988816,True,248.61630974605532,249.9027737760312,251.18923780600616,70.0828438741333,248.6163103756453,249.9027860331751,251.18926169070522,8e3d2d3dda40126e508ad133bd7010e501b6626ce1c36d279b1181a8edd2f235,fb494e5ac89a66eba5f7378fa57979240f73b8c2580f1ee763dc27f9983e820b,e69aee651398c927fad1382c45d9c0dc5010a33e57e10a17c9f8e14798f54585,env920004,0.0019999999999997333,withheld-source-8acbc9bbf17ab30be034,withheld-source-916b72c41801da6cee64,policy-rate nominal 20Hz; use sim_time_s,max_t sum_j abs(tau_j*omega_j); five commanded joints,entire observed episode including followup when successful,False
H2,record-08177babbcb9e629,depth,1,side,920005,1020005,True,dwell_complete,540,222.022,0.20000000000000015,27.201999999995802,27.001999999995913,13501,25.18599999999692,500,2.0159999999988827,True,274.12708057868315,276.2542901774687,278.38149977625375,71.37536844658746,274.12708104878027,276.2542990832455,278.3815171177113,5defe9908d56344b4c01ba8c7011cc10aa32cf5607536d91697675ed43d39202,fb494e5ac89a66eba5f7378fa57979240f73b8c2580f1ee763dc27f9983e820b,fa6adabcd3e7782517cee23bdcb976acc5957912fa2b985eaeafdef485863a36,env920005,0.0019999999999996973,withheld-source-8acbc9bbf17ab30be034,withheld-source-3875704d324285d71c5a,policy-rate nominal 20Hz; use sim_time_s,max_t sum_j abs(tau_j*omega_j); five commanded joints,entire observed episode including followup when successful,False
H2,record-70a1c24fbecdebb5,rgb,2,side,930001,1030001,True,dwell_complete,763,326.928,0.20000000000000015,38.352000000000906,38.15200000000066,19076,36.3039999999984,722,2.048000000002503,True,258.4171992629211,262.3026303708177,266.1880614787109,62.6181272424982,258.4171996717059,262.3026366786172,266.18807368553263,8430cfa691cdd795822068568a5f2438d9ed03dc1c1ac7909abd34e280a928cd,1952cb0096eb854f1f7db24dc19e27344ebcc2769b3e41b61aaf29df78d545a9,b7d3d50fae4c65e9f9cc3beab336917be7073e22c1fd512f2e4b38f443c6760b,env930001,0.0020000000000000347,withheld-source-7296a7b02743e9e4ea13,withheld-source-d6ad875f59dc29e78f04,policy-rate nominal 20Hz; use sim_time_s,max_t sum_j abs(tau_j*omega_j); five commanded joints,entire observed episode including followup when successful,False
H2,record-70a1c24fbecdebb5,rgb,2,side,930002,1030002,True,dwell_complete,643,272.013,0.20000000000000015,32.35199999999357,32.15199999999333,16076,30.331999999994068,603,2.0199999999995057,True,264.39672424903955,268.46591409979726,272.5351039505569,69.54317158770498,264.39672482041425,268.4659256894027,272.53512655839575,ffb26a930def74a44e33c179719b453876991433850e5254a1e69a80859183f3,1952cb0096eb854f1f7db24dc19e27344ebcc2769b3e41b61aaf29df78d545a9,1dabc545a8a2f5ab0b74093ef02683e7a61f71729e57070d9691420bc59612ab,env930002,0.001999999999999585,withheld-source-7296a7b02743e9e4ea13,withheld-source-5fe19b1a5516c74d0ab6,policy-rate nominal 20Hz; use sim_time_s,max_t sum_j abs(tau_j*omega_j); five commanded joints,entire observed episode including followup when successful,False
H2,record-936124a7526e1a12,depth,2,side,930001,1030001,True,dwell_complete,606,263.841,0.20000000000000015,30.501999999993973,30.301999999994084,15151,28.481999999995093,566,2.0199999999988805,True,256.08401053920716,259.1591253280902,262.2342401169703,68.11111138918145,256.08401139879896,259.15913964288853,262.23426788698146,8430cfa691cdd795822068568a5f2438d9ed03dc1c1ac7909abd34e280a928cd,8bd93d8d8a96e4d6c2260218373fea7747143158b6fd5601434dff03b73d73a9,bff8c47a60319662f510eb491f5b3b90add715e63f264ed8a0925be80522aa88,env930001,0.0019999999999996097,withheld-source-9cd67482e02da77e6746,withheld-source-3ac33d221d9cbe2d6313,policy-rate nominal 20Hz; use sim_time_s,max_t sum_j abs(tau_j*omega_j); five commanded joints,entire observed episode including followup when successful,False
H2,record-936124a7526e1a12,depth,2,side,930002,1030002,True,dwell_complete,700,300.28,0.20000000000000015,35.20199999999706,35.00199999999681,17501,33.1939999999946,660,2.008000000002454,True,261.45290460910763,265.6370228318765,269.821141054653,75.53009252630521,261.4529053548047,265.6370380665809,269.8211707783615,ffb26a930def74a44e33c179719b453876991433850e5254a1e69a80859183f3,8bd93d8d8a96e4d6c2260218373fea7747143158b6fd5601434dff03b73d73a9,42aaf794c72c069b6e528566fc6fb02e0c40be75550f265b48781a5cc9aec61f,env930002,0.001999999999999818,withheld-source-9cd67482e02da77e6746,withheld-source-699846db566f25e3a7a6,policy-rate nominal 20Hz; use sim_time_s,max_t sum_j abs(tau_j*omega_j); five commanded joints,entire observed episode including followup when successful,False
